<stg><name>sharpen_filter</name>


<trans_list>

<trans id="106" from="1" to="2">
<condition id="68">
<or_exp><and_exp></and_exp></or_exp>
</condition>
</trans>

<trans id="140" from="2" to="3">
<condition id="103">
<or_exp><and_exp></and_exp></or_exp>
</condition>
</trans>

<trans id="141" from="3" to="4">
<condition id="104">
<or_exp><and_exp></and_exp></or_exp>
</condition>
</trans>

<trans id="142" from="4" to="5">
<condition id="105">
<or_exp><and_exp></and_exp></or_exp>
</condition>
</trans>

<trans id="147" from="5" to="10">
<condition id="106">
<or_exp><and_exp><literal name="exitcond_flatten" val="1"/>
</and_exp></or_exp>
</condition>
</trans>

<trans id="148" from="5" to="6">
<condition id="111">
<or_exp><and_exp><literal name="exitcond_flatten" val="0"/>
</and_exp></or_exp>
</condition>
</trans>

<trans id="143" from="6" to="7">
<condition id="107">
<or_exp><and_exp></and_exp></or_exp>
</condition>
</trans>

<trans id="144" from="7" to="8">
<condition id="108">
<or_exp><and_exp></and_exp></or_exp>
</condition>
</trans>

<trans id="145" from="8" to="9">
<condition id="109">
<or_exp><and_exp></and_exp></or_exp>
</condition>
</trans>

<trans id="146" from="9" to="2">
<condition id="110">
<or_exp><and_exp></and_exp></or_exp>
</condition>
</trans>
</trans_list>



<state_list>

<state id="1" st_id="1">

<operation id="11" st_id="1" stage="1" lat="1">
<core>NULL</core>
<MemPortIdVec></MemPortIdVec>
<condition id="56">
<or_exp><and_exp></and_exp></or_exp>
</condition>

<node id="3" bw="8" op_0_bw="32">
<![CDATA[
:0  %buff_C_2_1 = alloca i8

]]></node>
<StgValue><ssdm name="buff_C_2_1"/></StgValue>
</operation>

<operation id="12" st_id="1" stage="1" lat="1">
<core>NULL</core>
<MemPortIdVec></MemPortIdVec>
<condition id="56">
<or_exp><and_exp></and_exp></or_exp>
</condition>

<node id="4" bw="8" op_0_bw="32">
<![CDATA[
:1  %buff_C_0_1 = alloca i8

]]></node>
<StgValue><ssdm name="buff_C_0_1"/></StgValue>
</operation>

<operation id="13" st_id="1" stage="1" lat="1">
<core>NULL</core>
<MemPortIdVec></MemPortIdVec>
<condition id="56">
<or_exp><and_exp></and_exp></or_exp>
</condition>

<node id="5" bw="8" op_0_bw="32">
<![CDATA[
:2  %buff_C_1_0 = alloca i8

]]></node>
<StgValue><ssdm name="buff_C_1_0"/></StgValue>
</operation>

<operation id="14" st_id="1" stage="1" lat="1">
<core>NULL</core>
<MemPortIdVec></MemPortIdVec>
<condition id="56">
<or_exp><and_exp></and_exp></or_exp>
</condition>

<node id="6" bw="8" op_0_bw="32">
<![CDATA[
:3  %buff_C_1_1 = alloca i8

]]></node>
<StgValue><ssdm name="buff_C_1_1"/></StgValue>
</operation>

<operation id="15" st_id="1" stage="1" lat="1">
<core>NULL</core>
<MemPortIdVec></MemPortIdVec>
<condition id="56">
<or_exp><and_exp></and_exp></or_exp>
</condition>

<node id="7" bw="0" op_0_bw="0" op_1_bw="8">
<![CDATA[
:4  call void (...)* @_ssdm_op_SpecBitsMap(i8* %input_r) nounwind, !map !0

]]></node>
<StgValue><ssdm name=""/></StgValue>
</operation>

<operation id="16" st_id="1" stage="1" lat="1">
<core>NULL</core>
<MemPortIdVec></MemPortIdVec>
<condition id="56">
<or_exp><and_exp></and_exp></or_exp>
</condition>

<node id="8" bw="0" op_0_bw="0" op_1_bw="8">
<![CDATA[
:5  call void (...)* @_ssdm_op_SpecBitsMap(i8* %output_r) nounwind, !map !6

]]></node>
<StgValue><ssdm name=""/></StgValue>
</operation>

<operation id="17" st_id="1" stage="1" lat="1">
<core>NULL</core>
<MemPortIdVec></MemPortIdVec>
<condition id="56">
<or_exp><and_exp></and_exp></or_exp>
</condition>

<node id="9" bw="0" op_0_bw="0" op_1_bw="32">
<![CDATA[
:6  call void (...)* @_ssdm_op_SpecBitsMap(i32 0) nounwind, !map !10

]]></node>
<StgValue><ssdm name=""/></StgValue>
</operation>

<operation id="18" st_id="1" stage="1" lat="1">
<core>NULL</core>
<MemPortIdVec></MemPortIdVec>
<condition id="56">
<or_exp><and_exp></and_exp></or_exp>
</condition>

<node id="10" bw="0" op_0_bw="0" op_1_bw="8">
<![CDATA[
:7  call void (...)* @_ssdm_op_SpecTopModule([15 x i8]* @sharpen_filter_str) nounwind

]]></node>
<StgValue><ssdm name=""/></StgValue>
</operation>

<operation id="19" st_id="1" stage="1" lat="1">
<core>RAM</core>
<MemPortIdVec></MemPortIdVec>
<condition id="56">
<or_exp><and_exp></and_exp></or_exp>
</condition>

<node id="11" bw="8" op_0_bw="64">
<![CDATA[
:8  %buff_A_0 = alloca [1920 x i8], align 16

]]></node>
<StgValue><ssdm name="buff_A_0"/><MemPortTyVec>1 0 </MemPortTyVec>
</StgValue>
</operation>

<operation id="20" st_id="1" stage="1" lat="1">
<core>RAM</core>
<MemPortIdVec></MemPortIdVec>
<condition id="56">
<or_exp><and_exp></and_exp></or_exp>
</condition>

<node id="12" bw="8" op_0_bw="64">
<![CDATA[
:9  %buff_A_1 = alloca [1920 x i8], align 16

]]></node>
<StgValue><ssdm name="buff_A_1"/><MemPortTyVec>1 0 </MemPortTyVec>
</StgValue>
</operation>

<operation id="21" st_id="1" stage="1" lat="1">
<core>RAM</core>
<MemPortIdVec></MemPortIdVec>
<condition id="56">
<or_exp><and_exp></and_exp></or_exp>
</condition>

<node id="13" bw="8" op_0_bw="64">
<![CDATA[
:10  %buff_A_2 = alloca [1920 x i8], align 16

]]></node>
<StgValue><ssdm name="buff_A_2"/><MemPortTyVec>0 1 </MemPortTyVec>
</StgValue>
</operation>

<operation id="22" st_id="1" stage="1" lat="1">
<core>NULL</core>
<MemPortIdVec></MemPortIdVec>
<condition id="56">
<or_exp><and_exp></and_exp></or_exp>
</condition>

<node id="14" bw="0" op_0_bw="0" op_1_bw="32" op_2_bw="32" op_3_bw="8">
<![CDATA[
:11  call void (...)* @_ssdm_op_SpecLatency(i32 1, i32 65535, [1 x i8]* @p_str) nounwind

]]></node>
<StgValue><ssdm name=""/></StgValue>
</operation>

<operation id="23" st_id="1" stage="1" lat="1">
<core>NULL</core>
<MemPortIdVec></MemPortIdVec>
<condition id="56">
<or_exp><and_exp></and_exp></or_exp>
</condition>

<node id="15" bw="0" op_0_bw="0" op_1_bw="8" op_2_bw="8" op_3_bw="32" op_4_bw="32" op_5_bw="32" op_6_bw="32" op_7_bw="8" op_8_bw="8" op_9_bw="8" op_10_bw="8">
<![CDATA[
:12  call void (...)* @_ssdm_op_SpecInterface(i8* %input_r, [8 x i8]* @p_str1, i32 0, i32 0, i32 0, i32 2073600, [1 x i8]* @p_str, [1 x i8]* @p_str, [1 x i8]* @p_str, [1 x i8]* @p_str) nounwind

]]></node>
<StgValue><ssdm name=""/></StgValue>
</operation>

<operation id="24" st_id="1" stage="1" lat="1">
<core>NULL</core>
<MemPortIdVec></MemPortIdVec>
<condition id="56">
<or_exp><and_exp></and_exp></or_exp>
</condition>

<node id="16" bw="0" op_0_bw="0" op_1_bw="8" op_2_bw="8" op_3_bw="32" op_4_bw="32" op_5_bw="32" op_6_bw="32" op_7_bw="8" op_8_bw="8" op_9_bw="8" op_10_bw="8">
<![CDATA[
:13  call void (...)* @_ssdm_op_SpecInterface(i8* %output_r, [8 x i8]* @p_str1, i32 0, i32 0, i32 0, i32 2073600, [1 x i8]* @p_str, [1 x i8]* @p_str, [1 x i8]* @p_str, [1 x i8]* @p_str) nounwind

]]></node>
<StgValue><ssdm name=""/></StgValue>
</operation>

<operation id="25" st_id="1" stage="1" lat="1">
<core>NULL</core>
<MemPortIdVec></MemPortIdVec>
<condition id="56">
<or_exp><and_exp></and_exp></or_exp>
</condition>

<node id="17" bw="0" op_0_bw="0">
<![CDATA[
:14  br label %.preheader

]]></node>
<StgValue><ssdm name=""/></StgValue>
</operation>
</state>

<state id="2" st_id="2">

<operation id="26" st_id="2" stage="1" lat="1">
<core>NULL</core>
<MemPortIdVec></MemPortIdVec>
<condition id="-1">
<or_exp><and_exp></and_exp></or_exp>
</condition>

<node id="19" bw="21" op_0_bw="21" op_1_bw="0">
<![CDATA[
.preheader:0  %indvar_flatten = phi i21 [ 0, %0 ], [ %indvar_flatten_next, %._crit_edge4 ]

]]></node>
<StgValue><ssdm name="indvar_flatten"/></StgValue>
</operation>

<operation id="27" st_id="2" stage="1" lat="1">
<core>NULL</core>
<MemPortIdVec></MemPortIdVec>
<condition id="-1">
<or_exp><and_exp></and_exp></or_exp>
</condition>

<node id="20" bw="11" op_0_bw="11" op_1_bw="0">
<![CDATA[
.preheader:1  %row = phi i11 [ 0, %0 ], [ %row_mid2, %._crit_edge4 ]

]]></node>
<StgValue><ssdm name="row"/></StgValue>
</operation>

<operation id="28" st_id="2" stage="1" lat="1">
<core>NULL</core>
<MemPortIdVec></MemPortIdVec>
<condition id="-1">
<or_exp><and_exp></and_exp></or_exp>
</condition>

<node id="21" bw="11" op_0_bw="11" op_1_bw="0">
<![CDATA[
.preheader:2  %col_assign = phi i11 [ 0, %0 ], [ %col, %._crit_edge4 ]

]]></node>
<StgValue><ssdm name="col_assign"/></StgValue>
</operation>

<operation id="29" st_id="2" stage="1" lat="1">
<core>Cmp</core>
<MemPortIdVec></MemPortIdVec>
<condition id="-1">
<or_exp><and_exp></and_exp></or_exp>
</condition>

<node id="24" bw="1" op_0_bw="21" op_1_bw="21">
<![CDATA[
.preheader:5  %exitcond_flatten = icmp eq i21 %indvar_flatten, -20551

]]></node>
<StgValue><ssdm name="exitcond_flatten"/></StgValue>
</operation>

<operation id="30" st_id="2" stage="1" lat="1">
<core>AddSub</core>
<MemPortIdVec></MemPortIdVec>
<condition id="-1">
<or_exp><and_exp></and_exp></or_exp>
</condition>

<node id="25" bw="21" op_0_bw="21" op_1_bw="21">
<![CDATA[
.preheader:6  %indvar_flatten_next = add i21 %indvar_flatten, 1

]]></node>
<StgValue><ssdm name="indvar_flatten_next"/></StgValue>
</operation>

<operation id="31" st_id="2" stage="1" lat="1">
<core>NULL</core>
<MemPortIdVec></MemPortIdVec>
<condition id="-1">
<or_exp><and_exp></and_exp></or_exp>
</condition>

<node id="27" bw="0" op_0_bw="1" op_1_bw="0" op_2_bw="0">
<![CDATA[
.preheader:8  br i1 %exitcond_flatten, label %3, label %.preheader.preheader

]]></node>
<StgValue><ssdm name=""/></StgValue>
</operation>

<operation id="32" st_id="2" stage="1" lat="1">
<core>Cmp</core>
<MemPortIdVec></MemPortIdVec>
<condition id="9">
<or_exp><and_exp><literal name="exitcond_flatten" val="0"/>
</and_exp></or_exp>
</condition>

<node id="30" bw="1" op_0_bw="11" op_1_bw="11">
<![CDATA[
.preheader.preheader:1  %exitcond4 = icmp eq i11 %col_assign, -127

]]></node>
<StgValue><ssdm name="exitcond4"/></StgValue>
</operation>

<operation id="33" st_id="2" stage="1" lat="1">
<core>Sel</core>
<MemPortIdVec></MemPortIdVec>
<condition id="9">
<or_exp><and_exp><literal name="exitcond_flatten" val="0"/>
</and_exp></or_exp>
</condition>

<node id="31" bw="11" op_0_bw="1" op_1_bw="11" op_2_bw="11">
<![CDATA[
.preheader.preheader:2  %col_assign_mid2 = select i1 %exitcond4, i11 0, i11 %col_assign

]]></node>
<StgValue><ssdm name="col_assign_mid2"/></StgValue>
</operation>

<operation id="34" st_id="2" stage="1" lat="1">
<core>AddSub</core>
<MemPortIdVec></MemPortIdVec>
<condition id="9">
<or_exp><and_exp><literal name="exitcond_flatten" val="0"/>
</and_exp></or_exp>
</condition>

<node id="32" bw="11" op_0_bw="11" op_1_bw="11">
<![CDATA[
.preheader.preheader:3  %row_s = add i11 %row, 1

]]></node>
<StgValue><ssdm name="row_s"/></StgValue>
</operation>

<operation id="35" st_id="2" stage="1" lat="1">
<core>Sel</core>
<MemPortIdVec></MemPortIdVec>
<condition id="9">
<or_exp><and_exp><literal name="exitcond_flatten" val="0"/>
</and_exp></or_exp>
</condition>

<node id="33" bw="11" op_0_bw="1" op_1_bw="11" op_2_bw="11">
<![CDATA[
.preheader.preheader:4  %row_mid2 = select i1 %exitcond4, i11 %row_s, i11 %row

]]></node>
<StgValue><ssdm name="row_mid2"/></StgValue>
</operation>
</state>

<state id="3" st_id="3">

<operation id="36" st_id="3" stage="1" lat="1">
<core>Cmp</core>
<MemPortIdVec></MemPortIdVec>
<condition id="9">
<or_exp><and_exp><literal name="exitcond_flatten" val="0"/>
</and_exp></or_exp>
</condition>

<node id="34" bw="1" op_0_bw="11" op_1_bw="11">
<![CDATA[
.preheader.preheader:5  %tmp = icmp ult i11 %row_mid2, -968

]]></node>
<StgValue><ssdm name="tmp"/></StgValue>
</operation>

<operation id="37" st_id="3" stage="1" lat="1">
<core>Cmp</core>
<MemPortIdVec></MemPortIdVec>
<condition id="9">
<or_exp><and_exp><literal name="exitcond_flatten" val="0"/>
</and_exp></or_exp>
</condition>

<node id="35" bw="1" op_0_bw="11" op_1_bw="11">
<![CDATA[
.preheader.preheader:6  %tmp_1 = icmp ne i11 %row_mid2, 0

]]></node>
<StgValue><ssdm name="tmp_1"/></StgValue>
</operation>

<operation id="38" st_id="3" stage="1" lat="1">
<core>Cmp</core>
<MemPortIdVec></MemPortIdVec>
<condition id="9">
<or_exp><and_exp><literal name="exitcond_flatten" val="0"/>
</and_exp></or_exp>
</condition>

<node id="38" bw="1" op_0_bw="11" op_1_bw="11">
<![CDATA[
.preheader.preheader:9  %tmp_2 = icmp ult i11 %col_assign_mid2, -128

]]></node>
<StgValue><ssdm name="tmp_2"/></StgValue>
</operation>

<operation id="39" st_id="3" stage="1" lat="1">
<core>NULL</core>
<MemPortIdVec></MemPortIdVec>
<condition id="57">
<or_exp><and_exp><literal name="exitcond_flatten" val="0"/>
<literal name="tmp_2" val="1"/>
</and_exp></or_exp>
</condition>

<node id="41" bw="64" op_0_bw="11">
<![CDATA[
linebuffer_shift_up.exit:0  %tmp_3 = zext i11 %col_assign_mid2 to i64

]]></node>
<StgValue><ssdm name="tmp_3"/></StgValue>
</operation>

<operation id="40" st_id="3" stage="1" lat="1">
<core>NULL</core>
<MemPortIdVec></MemPortIdVec>
<condition id="57">
<or_exp><and_exp><literal name="exitcond_flatten" val="0"/>
<literal name="tmp_2" val="1"/>
</and_exp></or_exp>
</condition>

<node id="42" bw="11" op_0_bw="8" op_1_bw="64" op_2_bw="64">
<![CDATA[
linebuffer_shift_up.exit:1  %buff_A_1_addr = getelementptr [1920 x i8]* %buff_A_1, i64 0, i64 %tmp_3

]]></node>
<StgValue><ssdm name="buff_A_1_addr"/></StgValue>
</operation>

<operation id="41" st_id="3" stage="2" lat="2">
<core>RAM</core>
<MemPortIdVec>0 </MemPortIdVec>
<condition id="57">
<or_exp><and_exp><literal name="exitcond_flatten" val="0"/>
<literal name="tmp_2" val="1"/>
</and_exp></or_exp>
</condition>

<node id="43" bw="8" op_0_bw="11">
<![CDATA[
linebuffer_shift_up.exit:2  %buff_A_1_load = load i8* %buff_A_1_addr, align 1

]]></node>
<StgValue><ssdm name="buff_A_1_load"/></StgValue>
</operation>

<operation id="42" st_id="3" stage="1" lat="1">
<core>NULL</core>
<MemPortIdVec></MemPortIdVec>
<condition id="57">
<or_exp><and_exp><literal name="exitcond_flatten" val="0"/>
<literal name="tmp_2" val="1"/>
</and_exp></or_exp>
</condition>

<node id="46" bw="11" op_0_bw="8" op_1_bw="64" op_2_bw="64">
<![CDATA[
linebuffer_shift_up.exit:5  %buff_A_0_addr = getelementptr [1920 x i8]* %buff_A_0, i64 0, i64 %tmp_3

]]></node>
<StgValue><ssdm name="buff_A_0_addr"/></StgValue>
</operation>

<operation id="43" st_id="3" stage="2" lat="2">
<core>RAM</core>
<MemPortIdVec>0 </MemPortIdVec>
<condition id="57">
<or_exp><and_exp><literal name="exitcond_flatten" val="0"/>
<literal name="tmp_2" val="1"/>
</and_exp></or_exp>
</condition>

<node id="47" bw="8" op_0_bw="11">
<![CDATA[
linebuffer_shift_up.exit:6  %return_value = load i8* %buff_A_0_addr, align 1

]]></node>
<StgValue><ssdm name="return_value"/></StgValue>
</operation>

<operation id="44" st_id="3" stage="1" lat="1">
<core>LogicGate</core>
<MemPortIdVec></MemPortIdVec>
<condition id="58">
<or_exp><and_exp><literal name="exitcond_flatten" val="0"/>
</and_exp></or_exp>
</condition>

<node id="52" bw="1" op_0_bw="1" op_1_bw="1">
<![CDATA[
._crit_edge:1  %tmp_7 = and i1 %tmp_2, %tmp

]]></node>
<StgValue><ssdm name="tmp_7"/></StgValue>
</operation>

<operation id="45" st_id="3" stage="1" lat="1">
<core>NULL</core>
<MemPortIdVec></MemPortIdVec>
<condition id="58">
<or_exp><and_exp><literal name="exitcond_flatten" val="0"/>
</and_exp></or_exp>
</condition>

<node id="53" bw="0" op_0_bw="1" op_1_bw="0" op_2_bw="0">
<![CDATA[
._crit_edge:2  br i1 %tmp_7, label %1, label %._crit_edge2_ifconv

]]></node>
<StgValue><ssdm name=""/></StgValue>
</operation>

<operation id="46" st_id="3" stage="1" lat="1">
<core>Cmp</core>
<MemPortIdVec></MemPortIdVec>
<condition id="45">
<or_exp><and_exp><literal name="exitcond_flatten" val="0"/>
</and_exp></or_exp>
</condition>

<node id="89" bw="1" op_0_bw="11" op_1_bw="11">
<![CDATA[
._crit_edge2_ifconv:28  %tmp_5 = icmp ne i11 %col_assign_mid2, 0

]]></node>
<StgValue><ssdm name="tmp_5"/></StgValue>
</operation>

<operation id="47" st_id="3" stage="1" lat="1">
<core>LogicGate</core>
<MemPortIdVec></MemPortIdVec>
<condition id="45">
<or_exp><and_exp><literal name="exitcond_flatten" val="0"/>
</and_exp></or_exp>
</condition>

<node id="90" bw="1" op_0_bw="1" op_1_bw="1">
<![CDATA[
._crit_edge2_ifconv:29  %or_cond = and i1 %tmp_1, %tmp_5

]]></node>
<StgValue><ssdm name="or_cond"/></StgValue>
</operation>

<operation id="48" st_id="3" stage="1" lat="1">
<core>NULL</core>
<MemPortIdVec></MemPortIdVec>
<condition id="45">
<or_exp><and_exp><literal name="exitcond_flatten" val="0"/>
</and_exp></or_exp>
</condition>

<node id="94" bw="0" op_0_bw="1" op_1_bw="0" op_2_bw="0">
<![CDATA[
._crit_edge2_ifconv:33  br i1 %or_cond, label %2, label %._crit_edge4

]]></node>
<StgValue><ssdm name=""/></StgValue>
</operation>

<operation id="49" st_id="3" stage="1" lat="1">
<core>AddSub</core>
<MemPortIdVec></MemPortIdVec>
<condition id="59">
<or_exp><and_exp><literal name="exitcond_flatten" val="0"/>
</and_exp></or_exp>
</condition>

<node id="100" bw="11" op_0_bw="11" op_1_bw="11">
<![CDATA[
._crit_edge4:1  %col = add i11 %col_assign_mid2, 1

]]></node>
<StgValue><ssdm name="col"/></StgValue>
</operation>
</state>

<state id="4" st_id="4">

<operation id="50" st_id="4" stage="1" lat="1">
<core>NULL</core>
<MemPortIdVec></MemPortIdVec>
<condition id="9">
<or_exp><and_exp><literal name="exitcond_flatten" val="0"/>
</and_exp></or_exp>
</condition>

<node id="39" bw="0" op_0_bw="1" op_1_bw="0" op_2_bw="0">
<![CDATA[
.preheader.preheader:10  br i1 %tmp_2, label %linebuffer_shift_up.exit, label %._crit_edge

]]></node>
<StgValue><ssdm name=""/></StgValue>
</operation>

<operation id="51" st_id="4" stage="1" lat="2">
<core>RAM</core>
<MemPortIdVec>0 </MemPortIdVec>
<condition id="57">
<or_exp><and_exp><literal name="exitcond_flatten" val="0"/>
<literal name="tmp_2" val="1"/>
</and_exp></or_exp>
</condition>

<node id="43" bw="8" op_0_bw="11">
<![CDATA[
linebuffer_shift_up.exit:2  %buff_A_1_load = load i8* %buff_A_1_addr, align 1

]]></node>
<StgValue><ssdm name="buff_A_1_load"/></StgValue>
</operation>

<operation id="52" st_id="4" stage="1" lat="2">
<core>RAM</core>
<MemPortIdVec>0 </MemPortIdVec>
<condition id="57">
<or_exp><and_exp><literal name="exitcond_flatten" val="0"/>
<literal name="tmp_2" val="1"/>
</and_exp></or_exp>
</condition>

<node id="47" bw="8" op_0_bw="11">
<![CDATA[
linebuffer_shift_up.exit:6  %return_value = load i8* %buff_A_0_addr, align 1

]]></node>
<StgValue><ssdm name="return_value"/></StgValue>
</operation>

<operation id="53" st_id="4" stage="1" lat="1">
<core>NULL</core>
<MemPortIdVec></MemPortIdVec>
<condition id="57">
<or_exp><and_exp><literal name="exitcond_flatten" val="0"/>
<literal name="tmp_2" val="1"/>
</and_exp></or_exp>
</condition>

<node id="49" bw="0" op_0_bw="0">
<![CDATA[
linebuffer_shift_up.exit:8  br label %._crit_edge

]]></node>
<StgValue><ssdm name=""/></StgValue>
</operation>
</state>

<state id="5" st_id="5">

<operation id="54" st_id="5" stage="1" lat="1">
<core>NULL</core>
<MemPortIdVec></MemPortIdVec>
<condition id="-1">
<or_exp><and_exp></and_exp></or_exp>
</condition>

<node id="22" bw="8" op_0_bw="8">
<![CDATA[
.preheader:3  %buff_C_1_0_load = load i8* %buff_C_1_0

]]></node>
<StgValue><ssdm name="buff_C_1_0_load"/></StgValue>
</operation>

<operation id="55" st_id="5" stage="1" lat="1">
<core>NULL</core>
<MemPortIdVec></MemPortIdVec>
<condition id="-1">
<or_exp><and_exp></and_exp></or_exp>
</condition>

<node id="23" bw="8" op_0_bw="8">
<![CDATA[
.preheader:4  %buff_C_1_1_load_1 = load i8* %buff_C_1_1

]]></node>
<StgValue><ssdm name="buff_C_1_1_load_1"/></StgValue>
</operation>

<operation id="56" st_id="5" stage="1" lat="1">
<core>NULL</core>
<MemPortIdVec></MemPortIdVec>
<condition id="-1">
<or_exp><and_exp></and_exp></or_exp>
</condition>

<node id="26" bw="0" op_0_bw="8" op_1_bw="8">
<![CDATA[
.preheader:7  store i8 %buff_C_1_1_load_1, i8* %buff_C_1_0

]]></node>
<StgValue><ssdm name=""/></StgValue>
</operation>

<operation id="57" st_id="5" stage="1" lat="1">
<core>NULL</core>
<MemPortIdVec></MemPortIdVec>
<condition id="57">
<or_exp><and_exp><literal name="exitcond_flatten" val="0"/>
<literal name="tmp_2" val="1"/>
</and_exp></or_exp>
</condition>

<node id="44" bw="11" op_0_bw="8" op_1_bw="64" op_2_bw="64">
<![CDATA[
linebuffer_shift_up.exit:3  %buff_A_2_addr = getelementptr [1920 x i8]* %buff_A_2, i64 0, i64 %tmp_3

]]></node>
<StgValue><ssdm name="buff_A_2_addr"/></StgValue>
</operation>

<operation id="58" st_id="5" stage="1" lat="1">
<core>RAM</core>
<MemPortIdVec>0 </MemPortIdVec>
<condition id="57">
<or_exp><and_exp><literal name="exitcond_flatten" val="0"/>
<literal name="tmp_2" val="1"/>
</and_exp></or_exp>
</condition>

<node id="45" bw="0" op_0_bw="8" op_1_bw="11">
<![CDATA[
linebuffer_shift_up.exit:4  store i8 %buff_A_1_load, i8* %buff_A_2_addr, align 1

]]></node>
<StgValue><ssdm name=""/></StgValue>
</operation>

<operation id="59" st_id="5" stage="1" lat="1">
<core>RAM</core>
<MemPortIdVec>1 </MemPortIdVec>
<condition id="57">
<or_exp><and_exp><literal name="exitcond_flatten" val="0"/>
<literal name="tmp_2" val="1"/>
</and_exp></or_exp>
</condition>

<node id="48" bw="0" op_0_bw="8" op_1_bw="11">
<![CDATA[
linebuffer_shift_up.exit:7  store i8 %return_value, i8* %buff_A_1_addr, align 1

]]></node>
<StgValue><ssdm name=""/></StgValue>
</operation>

<operation id="60" st_id="5" stage="1" lat="1">
<core>NULL</core>
<MemPortIdVec></MemPortIdVec>
<condition id="112">
<or_exp><and_exp><literal name="exitcond_flatten" val="0"/>
<literal name="tmp_2" val="1"/>
</and_exp></or_exp>
</condition>

<node id="51" bw="8" op_0_bw="8" op_1_bw="0">
<![CDATA[
._crit_edge:0  %buff_C_1_2_1 = phi i8 [ %return_value, %linebuffer_shift_up.exit ], [ 0, %.preheader.preheader ]

]]></node>
<StgValue><ssdm name="buff_C_1_2_1"/></StgValue>
</operation>

<operation id="61" st_id="5" stage="1" lat="1">
<core>FIFO</core>
<MemPortIdVec></MemPortIdVec>
<condition id="43">
<or_exp><and_exp><literal name="exitcond_flatten" val="0"/>
<literal name="tmp_7" val="1"/>
</and_exp></or_exp>
</condition>

<node id="55" bw="8" op_0_bw="8" op_1_bw="8">
<![CDATA[
:0  %y = call i8 @_ssdm_op_Read.ap_fifo.i8P(i8* %input_r) nounwind

]]></node>
<StgValue><ssdm name="y"/></StgValue>
</operation>

<operation id="62" st_id="5" stage="1" lat="1">
<core>NULL</core>
<MemPortIdVec></MemPortIdVec>
<condition id="45">
<or_exp><and_exp><literal name="exitcond_flatten" val="0"/>
</and_exp></or_exp>
</condition>

<node id="64" bw="8" op_0_bw="8">
<![CDATA[
._crit_edge2_ifconv:3  %buff_C_1_1_load = load i8* %buff_C_1_1

]]></node>
<StgValue><ssdm name="buff_C_1_1_load"/></StgValue>
</operation>

<operation id="63" st_id="5" stage="1" lat="1">
<core>Sel</core>
<MemPortIdVec></MemPortIdVec>
<condition id="45">
<or_exp><and_exp><literal name="exitcond_flatten" val="0"/>
</and_exp></or_exp>
</condition>

<node id="68" bw="8" op_0_bw="1" op_1_bw="8" op_2_bw="8">
<![CDATA[
._crit_edge2_ifconv:7  %buff_C_1_2 = select i1 %tmp_2, i8 %buff_C_1_2_1, i8 %buff_C_1_1_load

]]></node>
<StgValue><ssdm name="buff_C_1_2"/></StgValue>
</operation>

<operation id="64" st_id="5" stage="1" lat="1">
<core>NULL</core>
<MemPortIdVec></MemPortIdVec>
<condition id="45">
<or_exp><and_exp><literal name="exitcond_flatten" val="0"/>
</and_exp></or_exp>
</condition>

<node id="91" bw="0" op_0_bw="8" op_1_bw="8">
<![CDATA[
._crit_edge2_ifconv:30  store i8 %buff_C_1_2, i8* %buff_C_1_1

]]></node>
<StgValue><ssdm name=""/></StgValue>
</operation>
</state>

<state id="6" st_id="6">

<operation id="65" st_id="6" stage="1" lat="1">
<core>NULL</core>
<MemPortIdVec></MemPortIdVec>
<condition id="43">
<or_exp><and_exp><literal name="exitcond_flatten" val="0"/>
<literal name="tmp_7" val="1"/>
</and_exp></or_exp>
</condition>

<node id="56" bw="64" op_0_bw="11">
<![CDATA[
:1  %tmp_9 = zext i11 %col_assign_mid2 to i64

]]></node>
<StgValue><ssdm name="tmp_9"/></StgValue>
</operation>

<operation id="66" st_id="6" stage="1" lat="1">
<core>NULL</core>
<MemPortIdVec></MemPortIdVec>
<condition id="43">
<or_exp><and_exp><literal name="exitcond_flatten" val="0"/>
<literal name="tmp_7" val="1"/>
</and_exp></or_exp>
</condition>

<node id="57" bw="11" op_0_bw="8" op_1_bw="64" op_2_bw="64">
<![CDATA[
:2  %buff_A_0_addr_1 = getelementptr [1920 x i8]* %buff_A_0, i64 0, i64 %tmp_9

]]></node>
<StgValue><ssdm name="buff_A_0_addr_1"/></StgValue>
</operation>

<operation id="67" st_id="6" stage="1" lat="1">
<core>RAM</core>
<MemPortIdVec>1 </MemPortIdVec>
<condition id="43">
<or_exp><and_exp><literal name="exitcond_flatten" val="0"/>
<literal name="tmp_7" val="1"/>
</and_exp></or_exp>
</condition>

<node id="58" bw="0" op_0_bw="8" op_1_bw="11">
<![CDATA[
:3  store i8 %y, i8* %buff_A_0_addr_1, align 1

]]></node>
<StgValue><ssdm name=""/></StgValue>
</operation>

<operation id="68" st_id="6" stage="1" lat="1">
<core>NULL</core>
<MemPortIdVec></MemPortIdVec>
<condition id="43">
<or_exp><and_exp><literal name="exitcond_flatten" val="0"/>
<literal name="tmp_7" val="1"/>
</and_exp></or_exp>
</condition>

<node id="59" bw="0" op_0_bw="0">
<![CDATA[
:4  br label %._crit_edge2_ifconv

]]></node>
<StgValue><ssdm name=""/></StgValue>
</operation>

<operation id="69" st_id="6" stage="1" lat="1">
<core>NULL</core>
<MemPortIdVec></MemPortIdVec>
<condition id="116">
<or_exp><and_exp><literal name="tmp_2" val="1"/>
</and_exp></or_exp>
</condition>

<node id="65" bw="64" op_0_bw="11">
<![CDATA[
._crit_edge2_ifconv:4  %tmp_6 = zext i11 %col_assign_mid2 to i64

]]></node>
<StgValue><ssdm name="tmp_6"/></StgValue>
</operation>

<operation id="70" st_id="6" stage="1" lat="1">
<core>NULL</core>
<MemPortIdVec></MemPortIdVec>
<condition id="115">
<or_exp><and_exp><literal name="tmp_2" val="1"/>
</and_exp></or_exp>
</condition>

<node id="66" bw="11" op_0_bw="8" op_1_bw="64" op_2_bw="64">
<![CDATA[
._crit_edge2_ifconv:5  %buff_A_2_addr_1 = getelementptr [1920 x i8]* %buff_A_2, i64 0, i64 %tmp_6

]]></node>
<StgValue><ssdm name="buff_A_2_addr_1"/></StgValue>
</operation>

<operation id="71" st_id="6" stage="2" lat="2">
<core>RAM</core>
<MemPortIdVec>1 </MemPortIdVec>
<condition id="113">
<or_exp><and_exp><literal name="tmp_2" val="1"/>
</and_exp></or_exp>
</condition>

<node id="67" bw="8" op_0_bw="11">
<![CDATA[
._crit_edge2_ifconv:6  %return_value_1 = load i8* %buff_A_2_addr_1, align 1

]]></node>
<StgValue><ssdm name="return_value_1"/></StgValue>
</operation>
</state>

<state id="7" st_id="7">

<operation id="72" st_id="7" stage="1" lat="1">
<core>NULL</core>
<MemPortIdVec></MemPortIdVec>
<condition id="117">
<or_exp><and_exp><literal name="tmp_2" val="1"/>
</and_exp></or_exp>
</condition>

<node id="61" bw="8" op_0_bw="8" op_1_bw="0">
<![CDATA[
._crit_edge2_ifconv:0  %buff_C_2_2 = phi i8 [ %y, %1 ], [ 0, %._crit_edge ]

]]></node>
<StgValue><ssdm name="buff_C_2_2"/></StgValue>
</operation>

<operation id="73" st_id="7" stage="1" lat="1">
<core>NULL</core>
<MemPortIdVec></MemPortIdVec>
<condition id="60">
<or_exp><and_exp></and_exp></or_exp>
</condition>

<node id="62" bw="8" op_0_bw="8">
<![CDATA[
._crit_edge2_ifconv:1  %buff_C_2_1_load = load i8* %buff_C_2_1

]]></node>
<StgValue><ssdm name="buff_C_2_1_load"/></StgValue>
</operation>

<operation id="74" st_id="7" stage="1" lat="1">
<core>NULL</core>
<MemPortIdVec></MemPortIdVec>
<condition id="60">
<or_exp><and_exp></and_exp></or_exp>
</condition>

<node id="63" bw="8" op_0_bw="8">
<![CDATA[
._crit_edge2_ifconv:2  %buff_C_0_1_load = load i8* %buff_C_0_1

]]></node>
<StgValue><ssdm name="buff_C_0_1_load"/></StgValue>
</operation>

<operation id="75" st_id="7" stage="1" lat="2">
<core>RAM</core>
<MemPortIdVec>1 </MemPortIdVec>
<condition id="114">
<or_exp><and_exp><literal name="tmp_2" val="1"/>
</and_exp></or_exp>
</condition>

<node id="67" bw="8" op_0_bw="11">
<![CDATA[
._crit_edge2_ifconv:6  %return_value_1 = load i8* %buff_A_2_addr_1, align 1

]]></node>
<StgValue><ssdm name="return_value_1"/></StgValue>
</operation>

<operation id="76" st_id="7" stage="1" lat="1">
<core>Sel</core>
<MemPortIdVec></MemPortIdVec>
<condition id="60">
<or_exp><and_exp></and_exp></or_exp>
</condition>

<node id="69" bw="8" op_0_bw="1" op_1_bw="8" op_2_bw="8">
<![CDATA[
._crit_edge2_ifconv:8  %buff_C_0_2_1 = select i1 %tmp_2, i8 %return_value_1, i8 %buff_C_0_1_load

]]></node>
<StgValue><ssdm name="buff_C_0_2_1"/></StgValue>
</operation>

<operation id="77" st_id="7" stage="1" lat="1">
<core>Sel</core>
<MemPortIdVec></MemPortIdVec>
<condition id="60">
<or_exp><and_exp></and_exp></or_exp>
</condition>

<node id="70" bw="8" op_0_bw="1" op_1_bw="8" op_2_bw="8">
<![CDATA[
._crit_edge2_ifconv:9  %buff_C_2_2_1 = select i1 %tmp_2, i8 %buff_C_2_2, i8 %buff_C_2_1_load

]]></node>
<StgValue><ssdm name="buff_C_2_2_1"/></StgValue>
</operation>

<operation id="78" st_id="7" stage="1" lat="1">
<core>NULL</core>
<MemPortIdVec></MemPortIdVec>
<condition id="60">
<or_exp><and_exp></and_exp></or_exp>
</condition>

<node id="71" bw="9" op_0_bw="8">
<![CDATA[
._crit_edge2_ifconv:10  %tmp_6_0_1_i_cast = zext i8 %buff_C_0_1_load to i9

]]></node>
<StgValue><ssdm name="tmp_6_0_1_i_cast"/></StgValue>
</operation>

<operation id="79" st_id="7" stage="1" lat="1">
<core>NULL</core>
<MemPortIdVec></MemPortIdVec>
<condition id="60">
<or_exp><and_exp></and_exp></or_exp>
</condition>

<node id="72" bw="9" op_0_bw="8">
<![CDATA[
._crit_edge2_ifconv:11  %tmp_6_1_i_cast = zext i8 %buff_C_1_0_load to i9

]]></node>
<StgValue><ssdm name="tmp_6_1_i_cast"/></StgValue>
</operation>

<operation id="80" st_id="7" stage="1" lat="1">
<core>AddSub</core>
<MemPortIdVec></MemPortIdVec>
<condition id="60">
<or_exp><and_exp></and_exp></or_exp>
</condition>

<node id="73" bw="9" op_0_bw="9" op_1_bw="9">
<![CDATA[
._crit_edge2_ifconv:12  %sum_i = add i9 %tmp_6_1_i_cast, %tmp_6_0_1_i_cast

]]></node>
<StgValue><ssdm name="sum_i"/></StgValue>
</operation>

<operation id="81" st_id="7" stage="1" lat="1">
<core>NULL</core>
<MemPortIdVec></MemPortIdVec>
<condition id="60">
<or_exp><and_exp></and_exp></or_exp>
</condition>

<node id="74" bw="12" op_0_bw="9">
<![CDATA[
._crit_edge2_ifconv:13  %sum_i_cast = zext i9 %sum_i to i12

]]></node>
<StgValue><ssdm name="sum_i_cast"/></StgValue>
</operation>

<operation id="82" st_id="7" stage="1" lat="1">
<core>NULL</core>
<MemPortIdVec></MemPortIdVec>
<condition id="60">
<or_exp><and_exp></and_exp></or_exp>
</condition>

<node id="75" bw="11" op_0_bw="8">
<![CDATA[
._crit_edge2_ifconv:14  %tmp_6_1_1_i_cast2 = zext i8 %buff_C_1_1_load to i11

]]></node>
<StgValue><ssdm name="tmp_6_1_1_i_cast2"/></StgValue>
</operation>

<operation id="83" st_id="7" stage="1" lat="1">
<core>NULL</core>
<MemPortIdVec></MemPortIdVec>
<condition id="60">
<or_exp><and_exp></and_exp></or_exp>
</condition>

<node id="76" bw="10" op_0_bw="10" op_1_bw="8" op_2_bw="2">
<![CDATA[
._crit_edge2_ifconv:15  %p_shl_i = call i10 @_ssdm_op_BitConcatenate.i10.i8.i2(i8 %buff_C_1_1_load, i2 0)

]]></node>
<StgValue><ssdm name="p_shl_i"/></StgValue>
</operation>

<operation id="84" st_id="7" stage="1" lat="1">
<core>NULL</core>
<MemPortIdVec></MemPortIdVec>
<condition id="60">
<or_exp><and_exp></and_exp></or_exp>
</condition>

<node id="77" bw="11" op_0_bw="10">
<![CDATA[
._crit_edge2_ifconv:16  %p_shl_i_cast = zext i10 %p_shl_i to i11

]]></node>
<StgValue><ssdm name="p_shl_i_cast"/></StgValue>
</operation>

<operation id="85" st_id="7" stage="1" lat="1">
<core>AddSub</core>
<MemPortIdVec></MemPortIdVec>
<condition id="60">
<or_exp><and_exp></and_exp></or_exp>
</condition>

<node id="78" bw="11" op_0_bw="11" op_1_bw="11">
<![CDATA[
._crit_edge2_ifconv:17  %tmp_7_1_1_i = add i11 %p_shl_i_cast, %tmp_6_1_1_i_cast2

]]></node>
<StgValue><ssdm name="tmp_7_1_1_i"/></StgValue>
</operation>

<operation id="86" st_id="7" stage="1" lat="1">
<core>NULL</core>
<MemPortIdVec></MemPortIdVec>
<condition id="60">
<or_exp><and_exp></and_exp></or_exp>
</condition>

<node id="79" bw="12" op_0_bw="11">
<![CDATA[
._crit_edge2_ifconv:18  %tmp_7_1_1_i_cast = zext i11 %tmp_7_1_1_i to i12

]]></node>
<StgValue><ssdm name="tmp_7_1_1_i_cast"/></StgValue>
</operation>

<operation id="87" st_id="7" stage="1" lat="1">
<core>AddSub</core>
<MemPortIdVec></MemPortIdVec>
<condition id="60">
<or_exp><and_exp></and_exp></or_exp>
</condition>

<node id="80" bw="12" op_0_bw="12" op_1_bw="12">
<![CDATA[
._crit_edge2_ifconv:19  %x_weight_2_1_1_i = sub i12 %tmp_7_1_1_i_cast, %sum_i_cast

]]></node>
<StgValue><ssdm name="x_weight_2_1_1_i"/></StgValue>
</operation>

<operation id="88" st_id="7" stage="1" lat="1">
<core>NULL</core>
<MemPortIdVec></MemPortIdVec>
<condition id="60">
<or_exp><and_exp></and_exp></or_exp>
</condition>

<node id="92" bw="0" op_0_bw="8" op_1_bw="8">
<![CDATA[
._crit_edge2_ifconv:31  store i8 %buff_C_0_2_1, i8* %buff_C_0_1

]]></node>
<StgValue><ssdm name=""/></StgValue>
</operation>

<operation id="89" st_id="7" stage="1" lat="1">
<core>NULL</core>
<MemPortIdVec></MemPortIdVec>
<condition id="60">
<or_exp><and_exp></and_exp></or_exp>
</condition>

<node id="93" bw="0" op_0_bw="8" op_1_bw="8">
<![CDATA[
._crit_edge2_ifconv:32  store i8 %buff_C_2_2_1, i8* %buff_C_2_1

]]></node>
<StgValue><ssdm name=""/></StgValue>
</operation>
</state>

<state id="8" st_id="8">

<operation id="90" st_id="8" stage="1" lat="1">
<core>NULL</core>
<MemPortIdVec></MemPortIdVec>
<condition id="60">
<or_exp><and_exp></and_exp></or_exp>
</condition>

<node id="81" bw="12" op_0_bw="8">
<![CDATA[
._crit_edge2_ifconv:20  %tmp_6_1_2_i_cast = zext i8 %buff_C_1_2 to i12

]]></node>
<StgValue><ssdm name="tmp_6_1_2_i_cast"/></StgValue>
</operation>

<operation id="91" st_id="8" stage="1" lat="1">
<core>TAddSub</core>
<MemPortIdVec></MemPortIdVec>
<condition id="60">
<or_exp><and_exp></and_exp></or_exp>
</condition>

<node id="82" bw="12" op_0_bw="12" op_1_bw="12">
<![CDATA[
._crit_edge2_ifconv:21  %x_weight_2_1_2_i = sub i12 %x_weight_2_1_1_i, %tmp_6_1_2_i_cast

]]></node>
<StgValue><ssdm name="x_weight_2_1_2_i"/></StgValue>
</operation>

<operation id="92" st_id="8" stage="1" lat="1">
<core>NULL</core>
<MemPortIdVec></MemPortIdVec>
<condition id="60">
<or_exp><and_exp></and_exp></or_exp>
</condition>

<node id="83" bw="12" op_0_bw="8">
<![CDATA[
._crit_edge2_ifconv:22  %tmp_6_2_1_i_cast = zext i8 %buff_C_2_1_load to i12

]]></node>
<StgValue><ssdm name="tmp_6_2_1_i_cast"/></StgValue>
</operation>

<operation id="93" st_id="8" stage="1" lat="1">
<core>TAddSub</core>
<MemPortIdVec></MemPortIdVec>
<condition id="60">
<or_exp><and_exp></and_exp></or_exp>
</condition>

<node id="84" bw="12" op_0_bw="12" op_1_bw="12">
<![CDATA[
._crit_edge2_ifconv:23  %x_weight_2_2_1_i = sub i12 %x_weight_2_1_2_i, %tmp_6_2_1_i_cast

]]></node>
<StgValue><ssdm name="x_weight_2_2_1_i"/></StgValue>
</operation>

<operation id="94" st_id="8" stage="1" lat="1">
<core>Cmp</core>
<MemPortIdVec></MemPortIdVec>
<condition id="60">
<or_exp><and_exp></and_exp></or_exp>
</condition>

<node id="85" bw="1" op_0_bw="12" op_1_bw="12">
<![CDATA[
._crit_edge2_ifconv:24  %tmp_i = icmp sgt i12 %x_weight_2_2_1_i, 0

]]></node>
<StgValue><ssdm name="tmp_i"/></StgValue>
</operation>

<operation id="95" st_id="8" stage="1" lat="1">
<core>NULL</core>
<MemPortIdVec></MemPortIdVec>
<condition id="60">
<or_exp><and_exp></and_exp></or_exp>
</condition>

<node id="86" bw="8" op_0_bw="12">
<![CDATA[
._crit_edge2_ifconv:25  %tmp_8 = trunc i12 %x_weight_2_2_1_i to i8

]]></node>
<StgValue><ssdm name="tmp_8"/></StgValue>
</operation>

<operation id="96" st_id="8" stage="1" lat="1">
<core>AddSub</core>
<MemPortIdVec></MemPortIdVec>
<condition id="60">
<or_exp><and_exp></and_exp></or_exp>
</condition>

<node id="87" bw="8" op_0_bw="8" op_1_bw="8">
<![CDATA[
._crit_edge2_ifconv:26  %tmp_2_i = sub i8 0, %tmp_8

]]></node>
<StgValue><ssdm name="tmp_2_i"/></StgValue>
</operation>
</state>

<state id="9" st_id="9">

<operation id="97" st_id="9" stage="1" lat="1">
<core>NULL</core>
<MemPortIdVec></MemPortIdVec>
<condition id="9">
<or_exp><and_exp><literal name="exitcond_flatten" val="0"/>
</and_exp></or_exp>
</condition>

<node id="29" bw="32" op_0_bw="32" op_1_bw="64" op_2_bw="64" op_3_bw="64">
<![CDATA[
.preheader.preheader:0  %empty_4 = call i32 (...)* @_ssdm_op_SpecLoopTripCount(i64 2076601, i64 2076601, i64 2076601) nounwind

]]></node>
<StgValue><ssdm name="empty_4"/></StgValue>
</operation>

<operation id="98" st_id="9" stage="1" lat="1">
<core>NULL</core>
<MemPortIdVec></MemPortIdVec>
<condition id="9">
<or_exp><and_exp><literal name="exitcond_flatten" val="0"/>
</and_exp></or_exp>
</condition>

<node id="36" bw="32" op_0_bw="32" op_1_bw="8">
<![CDATA[
.preheader.preheader:7  %tmp_4 = call i32 (...)* @_ssdm_op_SpecRegionBegin([12 x i8]* @p_str2) nounwind

]]></node>
<StgValue><ssdm name="tmp_4"/></StgValue>
</operation>

<operation id="99" st_id="9" stage="1" lat="1">
<core>NULL</core>
<MemPortIdVec></MemPortIdVec>
<condition id="9">
<or_exp><and_exp><literal name="exitcond_flatten" val="0"/>
</and_exp></or_exp>
</condition>

<node id="37" bw="0" op_0_bw="0" op_1_bw="32" op_2_bw="32" op_3_bw="32" op_4_bw="32" op_5_bw="8">
<![CDATA[
.preheader.preheader:8  call void (...)* @_ssdm_op_SpecPipeline(i32 1, i32 1, i32 1, i32 0, [1 x i8]* @p_str) nounwind

]]></node>
<StgValue><ssdm name=""/></StgValue>
</operation>

<operation id="100" st_id="9" stage="1" lat="1">
<core>Sel</core>
<MemPortIdVec></MemPortIdVec>
<condition id="60">
<or_exp><and_exp></and_exp></or_exp>
</condition>

<node id="88" bw="8" op_0_bw="1" op_1_bw="8" op_2_bw="8">
<![CDATA[
._crit_edge2_ifconv:27  %edge_val = select i1 %tmp_i, i8 %tmp_8, i8 %tmp_2_i

]]></node>
<StgValue><ssdm name="edge_val"/></StgValue>
</operation>

<operation id="101" st_id="9" stage="1" lat="1">
<core>FIFO</core>
<MemPortIdVec></MemPortIdVec>
<condition id="64">
<or_exp><and_exp><literal name="or_cond" val="1"/>
</and_exp></or_exp>
</condition>

<node id="96" bw="0" op_0_bw="0" op_1_bw="8" op_2_bw="8">
<![CDATA[
:0  call void @_ssdm_op_Write.ap_fifo.i8P(i8* %output_r, i8 %edge_val) nounwind

]]></node>
<StgValue><ssdm name=""/></StgValue>
</operation>

<operation id="102" st_id="9" stage="1" lat="1">
<core>NULL</core>
<MemPortIdVec></MemPortIdVec>
<condition id="64">
<or_exp><and_exp><literal name="or_cond" val="1"/>
</and_exp></or_exp>
</condition>

<node id="97" bw="0" op_0_bw="0">
<![CDATA[
:1  br label %._crit_edge4

]]></node>
<StgValue><ssdm name=""/></StgValue>
</operation>

<operation id="103" st_id="9" stage="1" lat="1">
<core>NULL</core>
<MemPortIdVec></MemPortIdVec>
<condition id="59">
<or_exp><and_exp><literal name="exitcond_flatten" val="0"/>
</and_exp></or_exp>
</condition>

<node id="99" bw="32" op_0_bw="32" op_1_bw="8" op_2_bw="32">
<![CDATA[
._crit_edge4:0  %empty = call i32 (...)* @_ssdm_op_SpecRegionEnd([12 x i8]* @p_str2, i32 %tmp_4) nounwind

]]></node>
<StgValue><ssdm name="empty"/></StgValue>
</operation>

<operation id="104" st_id="9" stage="1" lat="1">
<core>NULL</core>
<MemPortIdVec></MemPortIdVec>
<condition id="59">
<or_exp><and_exp><literal name="exitcond_flatten" val="0"/>
</and_exp></or_exp>
</condition>

<node id="101" bw="0" op_0_bw="0">
<![CDATA[
._crit_edge4:2  br label %.preheader

]]></node>
<StgValue><ssdm name=""/></StgValue>
</operation>
</state>

<state id="10" st_id="10">

<operation id="105" st_id="10" stage="1" lat="1">
<core>NULL</core>
<MemPortIdVec></MemPortIdVec>
<condition id="66">
<or_exp><and_exp></and_exp></or_exp>
</condition>

<node id="103" bw="0" op_0_bw="32">
<![CDATA[
:0  ret i32 0

]]></node>
<StgValue><ssdm name=""/></StgValue>
</operation>
</state>
</state_list>


<ports>
<port id="149" name="input_r" dir="0" iftype="3">
<core>FIFO</core><StgValue><ssdm name="input_r"/></StgValue>
</port>
<port id="150" name="output_r" dir="1" iftype="3">
<core>FIFO</core><StgValue><ssdm name="output_r"/></StgValue>
</port>
</ports>


<dataflows>
<dataflow id="152" from="stg_151" to="buff_C_2_1" fromId="151" toId="11">
</dataflow>
<dataflow id="153" from="stg_151" to="buff_C_0_1" fromId="151" toId="12">
</dataflow>
<dataflow id="154" from="stg_151" to="buff_C_1_0" fromId="151" toId="13">
</dataflow>
<dataflow id="155" from="stg_151" to="buff_C_1_1" fromId="151" toId="14">
</dataflow>
<dataflow id="157" from="_ssdm_op_SpecBitsMap" to="stg_15" fromId="156" toId="15">
</dataflow>
<dataflow id="158" from="input_r" to="stg_15" fromId="149" toId="15">
</dataflow>
<dataflow id="159" from="_ssdm_op_SpecBitsMap" to="stg_16" fromId="156" toId="16">
</dataflow>
<dataflow id="160" from="output_r" to="stg_16" fromId="150" toId="16">
</dataflow>
<dataflow id="161" from="_ssdm_op_SpecBitsMap" to="stg_17" fromId="156" toId="17">
</dataflow>
<dataflow id="163" from="stg_162" to="stg_17" fromId="162" toId="17">
</dataflow>
<dataflow id="165" from="_ssdm_op_SpecTopModule" to="stg_18" fromId="164" toId="18">
</dataflow>
<dataflow id="167" from="sharpen_filter_str" to="stg_18" fromId="166" toId="18">
</dataflow>
<dataflow id="169" from="stg_168" to="buff_A_0" fromId="168" toId="19">
</dataflow>
<dataflow id="170" from="stg_168" to="buff_A_1" fromId="168" toId="20">
</dataflow>
<dataflow id="171" from="stg_168" to="buff_A_2" fromId="168" toId="21">
</dataflow>
<dataflow id="173" from="_ssdm_op_SpecLatency" to="stg_22" fromId="172" toId="22">
</dataflow>
<dataflow id="174" from="stg_151" to="stg_22" fromId="151" toId="22">
</dataflow>
<dataflow id="176" from="stg_175" to="stg_22" fromId="175" toId="22">
</dataflow>
<dataflow id="178" from="p_str" to="stg_22" fromId="177" toId="22">
</dataflow>
<dataflow id="180" from="_ssdm_op_SpecInterface" to="stg_23" fromId="179" toId="23">
</dataflow>
<dataflow id="181" from="input_r" to="stg_23" fromId="149" toId="23">
</dataflow>
<dataflow id="183" from="p_str1" to="stg_23" fromId="182" toId="23">
</dataflow>
<dataflow id="184" from="stg_162" to="stg_23" fromId="162" toId="23">
</dataflow>
<dataflow id="185" from="stg_162" to="stg_23" fromId="162" toId="23">
</dataflow>
<dataflow id="186" from="stg_162" to="stg_23" fromId="162" toId="23">
</dataflow>
<dataflow id="188" from="stg_187" to="stg_23" fromId="187" toId="23">
</dataflow>
<dataflow id="189" from="p_str" to="stg_23" fromId="177" toId="23">
</dataflow>
<dataflow id="190" from="p_str" to="stg_23" fromId="177" toId="23">
</dataflow>
<dataflow id="191" from="p_str" to="stg_23" fromId="177" toId="23">
</dataflow>
<dataflow id="192" from="p_str" to="stg_23" fromId="177" toId="23">
</dataflow>
<dataflow id="193" from="_ssdm_op_SpecInterface" to="stg_24" fromId="179" toId="24">
</dataflow>
<dataflow id="194" from="output_r" to="stg_24" fromId="150" toId="24">
</dataflow>
<dataflow id="195" from="p_str1" to="stg_24" fromId="182" toId="24">
</dataflow>
<dataflow id="196" from="stg_162" to="stg_24" fromId="162" toId="24">
</dataflow>
<dataflow id="197" from="stg_162" to="stg_24" fromId="162" toId="24">
</dataflow>
<dataflow id="198" from="stg_162" to="stg_24" fromId="162" toId="24">
</dataflow>
<dataflow id="199" from="stg_187" to="stg_24" fromId="187" toId="24">
</dataflow>
<dataflow id="200" from="p_str" to="stg_24" fromId="177" toId="24">
</dataflow>
<dataflow id="201" from="p_str" to="stg_24" fromId="177" toId="24">
</dataflow>
<dataflow id="202" from="p_str" to="stg_24" fromId="177" toId="24">
</dataflow>
<dataflow id="203" from="p_str" to="stg_24" fromId="177" toId="24">
</dataflow>
<dataflow id="205" from="stg_204" to="indvar_flatten" fromId="204" toId="26">
<condition id="139">
<or_exp><and_exp></and_exp></or_exp>
</condition>
</dataflow>
<dataflow id="206" from="stg_25" to="indvar_flatten" fromId="25" toId="26">
</dataflow>
<dataflow id="207" from="indvar_flatten_next" to="indvar_flatten" fromId="30" toId="26">
<BackEdge/>
<condition id="140">
<or_exp><and_exp><literal name="exitcond_flatten" val="0"/>
</and_exp></or_exp>
</condition>
</dataflow>
<dataflow id="208" from="stg_104" to="indvar_flatten" fromId="104" toId="26">
<BackEdge/>
</dataflow>
<dataflow id="210" from="stg_209" to="row" fromId="209" toId="27">
<condition id="141">
<or_exp><and_exp></and_exp></or_exp>
</condition>
</dataflow>
<dataflow id="211" from="stg_25" to="row" fromId="25" toId="27">
</dataflow>
<dataflow id="212" from="row_mid2" to="row" fromId="35" toId="27">
<BackEdge/>
<condition id="142">
<or_exp><and_exp><literal name="exitcond_flatten" val="0"/>
</and_exp></or_exp>
</condition>
</dataflow>
<dataflow id="213" from="stg_104" to="row" fromId="104" toId="27">
<BackEdge/>
</dataflow>
<dataflow id="214" from="stg_209" to="col_assign" fromId="209" toId="28">
<condition id="143">
<or_exp><and_exp></and_exp></or_exp>
</condition>
</dataflow>
<dataflow id="215" from="stg_25" to="col_assign" fromId="25" toId="28">
</dataflow>
<dataflow id="216" from="col" to="col_assign" fromId="49" toId="28">
<BackEdge/>
<condition id="144">
<or_exp><and_exp><literal name="exitcond_flatten" val="0"/>
</and_exp></or_exp>
</condition>
</dataflow>
<dataflow id="217" from="stg_104" to="col_assign" fromId="104" toId="28">
<BackEdge/>
</dataflow>
<dataflow id="218" from="indvar_flatten" to="exitcond_flatten" fromId="26" toId="29">
</dataflow>
<dataflow id="220" from="stg_219" to="exitcond_flatten" fromId="219" toId="29">
</dataflow>
<dataflow id="221" from="indvar_flatten" to="indvar_flatten_next" fromId="26" toId="30">
</dataflow>
<dataflow id="223" from="stg_222" to="indvar_flatten_next" fromId="222" toId="30">
</dataflow>
<dataflow id="224" from="exitcond_flatten" to="stg_31" fromId="29" toId="31">
</dataflow>
<dataflow id="225" from="col_assign" to="exitcond4" fromId="28" toId="32">
</dataflow>
<dataflow id="227" from="stg_226" to="exitcond4" fromId="226" toId="32">
</dataflow>
<dataflow id="228" from="exitcond4" to="col_assign_mid2" fromId="32" toId="33">
</dataflow>
<dataflow id="229" from="stg_209" to="col_assign_mid2" fromId="209" toId="33">
</dataflow>
<dataflow id="230" from="col_assign" to="col_assign_mid2" fromId="28" toId="33">
</dataflow>
<dataflow id="231" from="row" to="row_s" fromId="27" toId="34">
</dataflow>
<dataflow id="233" from="stg_232" to="row_s" fromId="232" toId="34">
</dataflow>
<dataflow id="234" from="exitcond4" to="row_mid2" fromId="32" toId="35">
</dataflow>
<dataflow id="235" from="row_s" to="row_mid2" fromId="34" toId="35">
</dataflow>
<dataflow id="236" from="row" to="row_mid2" fromId="27" toId="35">
</dataflow>
<dataflow id="237" from="row_mid2" to="tmp" fromId="35" toId="36">
</dataflow>
<dataflow id="239" from="stg_238" to="tmp" fromId="238" toId="36">
</dataflow>
<dataflow id="240" from="row_mid2" to="tmp_1" fromId="35" toId="37">
</dataflow>
<dataflow id="241" from="stg_209" to="tmp_1" fromId="209" toId="37">
</dataflow>
<dataflow id="242" from="col_assign_mid2" to="tmp_2" fromId="33" toId="38">
</dataflow>
<dataflow id="244" from="stg_243" to="tmp_2" fromId="243" toId="38">
</dataflow>
<dataflow id="245" from="col_assign_mid2" to="tmp_3" fromId="33" toId="39">
</dataflow>
<dataflow id="246" from="buff_A_1" to="buff_A_1_addr" fromId="20" toId="40">
</dataflow>
<dataflow id="248" from="stg_247" to="buff_A_1_addr" fromId="247" toId="40">
</dataflow>
<dataflow id="249" from="tmp_3" to="buff_A_1_addr" fromId="39" toId="40">
</dataflow>
<dataflow id="250" from="buff_A_1_addr" to="buff_A_1_load" fromId="40" toId="41">
</dataflow>
<dataflow id="251" from="buff_A_0" to="buff_A_0_addr" fromId="19" toId="42">
</dataflow>
<dataflow id="252" from="stg_247" to="buff_A_0_addr" fromId="247" toId="42">
</dataflow>
<dataflow id="253" from="tmp_3" to="buff_A_0_addr" fromId="39" toId="42">
</dataflow>
<dataflow id="254" from="buff_A_0_addr" to="return_value" fromId="42" toId="43">
</dataflow>
<dataflow id="255" from="tmp_2" to="tmp_7" fromId="38" toId="44">
</dataflow>
<dataflow id="256" from="tmp" to="tmp_7" fromId="36" toId="44">
</dataflow>
<dataflow id="257" from="tmp_7" to="stg_45" fromId="44" toId="45">
</dataflow>
<dataflow id="258" from="col_assign_mid2" to="tmp_5" fromId="33" toId="46">
</dataflow>
<dataflow id="259" from="stg_209" to="tmp_5" fromId="209" toId="46">
</dataflow>
<dataflow id="260" from="tmp_1" to="or_cond" fromId="37" toId="47">
</dataflow>
<dataflow id="261" from="tmp_5" to="or_cond" fromId="46" toId="47">
</dataflow>
<dataflow id="262" from="or_cond" to="stg_48" fromId="47" toId="48">
</dataflow>
<dataflow id="263" from="col_assign_mid2" to="col" fromId="33" toId="49">
</dataflow>
<dataflow id="264" from="stg_232" to="col" fromId="232" toId="49">
</dataflow>
<dataflow id="265" from="tmp_2" to="stg_50" fromId="38" toId="50">
</dataflow>
<dataflow id="266" from="buff_A_1_addr" to="buff_A_1_load" fromId="40" toId="51">
</dataflow>
<dataflow id="267" from="buff_A_0_addr" to="return_value" fromId="42" toId="52">
</dataflow>
<dataflow id="268" from="buff_C_1_0" to="buff_C_1_0_load" fromId="13" toId="54">
</dataflow>
<dataflow id="269" from="buff_C_1_1" to="buff_C_1_1_load_1" fromId="14" toId="55">
</dataflow>
<dataflow id="270" from="buff_C_1_1_load_1" to="stg_56" fromId="55" toId="56">
</dataflow>
<dataflow id="271" from="buff_C_1_0" to="stg_56" fromId="13" toId="56">
</dataflow>
<dataflow id="272" from="buff_A_2" to="buff_A_2_addr" fromId="21" toId="57">
</dataflow>
<dataflow id="273" from="stg_247" to="buff_A_2_addr" fromId="247" toId="57">
</dataflow>
<dataflow id="274" from="tmp_3" to="buff_A_2_addr" fromId="39" toId="57">
</dataflow>
<dataflow id="275" from="buff_A_1_load" to="stg_58" fromId="51" toId="58">
</dataflow>
<dataflow id="276" from="buff_A_2_addr" to="stg_58" fromId="57" toId="58">
</dataflow>
<dataflow id="277" from="return_value" to="stg_59" fromId="52" toId="59">
</dataflow>
<dataflow id="278" from="buff_A_1_addr" to="stg_59" fromId="40" toId="59">
</dataflow>
<dataflow id="279" from="return_value" to="buff_C_1_2_1" fromId="52" toId="60">
<condition id="145">
<or_exp><and_exp><literal name="exitcond_flatten" val="0"/>
<literal name="tmp_2" val="1"/>
</and_exp></or_exp>
</condition>
</dataflow>
<dataflow id="280" from="stg_53" to="buff_C_1_2_1" fromId="53" toId="60">
</dataflow>
<dataflow id="282" from="stg_281" to="buff_C_1_2_1" fromId="281" toId="60">
<condition id="146">
<or_exp><and_exp><literal name="tmp_2" val="0"/>
<literal name="exitcond_flatten" val="0"/>
</and_exp></or_exp>
</condition>
</dataflow>
<dataflow id="283" from="stg_50" to="buff_C_1_2_1" fromId="50" toId="60">
</dataflow>
<dataflow id="285" from="_ssdm_op_Read.ap_fifo.i8P" to="y" fromId="284" toId="61">
</dataflow>
<dataflow id="286" from="input_r" to="y" fromId="149" toId="61">
</dataflow>
<dataflow id="287" from="buff_C_1_1" to="buff_C_1_1_load" fromId="14" toId="62">
</dataflow>
<dataflow id="288" from="tmp_2" to="buff_C_1_2" fromId="38" toId="63">
</dataflow>
<dataflow id="289" from="buff_C_1_2_1" to="buff_C_1_2" fromId="60" toId="63">
</dataflow>
<dataflow id="290" from="buff_C_1_1_load" to="buff_C_1_2" fromId="62" toId="63">
</dataflow>
<dataflow id="291" from="buff_C_1_2" to="stg_64" fromId="63" toId="64">
</dataflow>
<dataflow id="292" from="buff_C_1_1" to="stg_64" fromId="14" toId="64">
</dataflow>
<dataflow id="293" from="col_assign_mid2" to="tmp_9" fromId="33" toId="65">
</dataflow>
<dataflow id="294" from="buff_A_0" to="buff_A_0_addr_1" fromId="19" toId="66">
</dataflow>
<dataflow id="295" from="stg_247" to="buff_A_0_addr_1" fromId="247" toId="66">
</dataflow>
<dataflow id="296" from="tmp_9" to="buff_A_0_addr_1" fromId="65" toId="66">
</dataflow>
<dataflow id="297" from="y" to="stg_67" fromId="61" toId="67">
</dataflow>
<dataflow id="298" from="buff_A_0_addr_1" to="stg_67" fromId="66" toId="67">
</dataflow>
<dataflow id="299" from="col_assign_mid2" to="tmp_6" fromId="33" toId="69">
</dataflow>
<dataflow id="300" from="buff_A_2" to="buff_A_2_addr_1" fromId="21" toId="70">
</dataflow>
<dataflow id="301" from="stg_247" to="buff_A_2_addr_1" fromId="247" toId="70">
</dataflow>
<dataflow id="302" from="tmp_6" to="buff_A_2_addr_1" fromId="69" toId="70">
</dataflow>
<dataflow id="303" from="buff_A_2_addr_1" to="return_value_1" fromId="70" toId="71">
</dataflow>
<dataflow id="304" from="y" to="buff_C_2_2" fromId="61" toId="72">
<condition id="147">
<or_exp><and_exp><literal name="exitcond_flatten" val="0"/>
<literal name="tmp_7" val="1"/>
</and_exp></or_exp>
</condition>
</dataflow>
<dataflow id="305" from="stg_68" to="buff_C_2_2" fromId="68" toId="72">
</dataflow>
<dataflow id="306" from="stg_281" to="buff_C_2_2" fromId="281" toId="72">
<condition id="148">
<or_exp><and_exp><literal name="tmp_7" val="0"/>
<literal name="exitcond_flatten" val="0"/>
</and_exp></or_exp>
</condition>
</dataflow>
<dataflow id="307" from="stg_45" to="buff_C_2_2" fromId="45" toId="72">
</dataflow>
<dataflow id="308" from="buff_C_2_1" to="buff_C_2_1_load" fromId="11" toId="73">
</dataflow>
<dataflow id="309" from="buff_C_0_1" to="buff_C_0_1_load" fromId="12" toId="74">
</dataflow>
<dataflow id="310" from="buff_A_2_addr_1" to="return_value_1" fromId="70" toId="75">
</dataflow>
<dataflow id="311" from="tmp_2" to="buff_C_0_2_1" fromId="38" toId="76">
</dataflow>
<dataflow id="312" from="return_value_1" to="buff_C_0_2_1" fromId="75" toId="76">
</dataflow>
<dataflow id="313" from="buff_C_0_1_load" to="buff_C_0_2_1" fromId="74" toId="76">
</dataflow>
<dataflow id="314" from="tmp_2" to="buff_C_2_2_1" fromId="38" toId="77">
</dataflow>
<dataflow id="315" from="buff_C_2_2" to="buff_C_2_2_1" fromId="72" toId="77">
</dataflow>
<dataflow id="316" from="buff_C_2_1_load" to="buff_C_2_2_1" fromId="73" toId="77">
</dataflow>
<dataflow id="317" from="buff_C_0_1_load" to="tmp_6_0_1_i_cast" fromId="74" toId="78">
</dataflow>
<dataflow id="318" from="buff_C_1_0_load" to="tmp_6_1_i_cast" fromId="54" toId="79">
</dataflow>
<dataflow id="319" from="tmp_6_1_i_cast" to="sum_i" fromId="79" toId="80">
</dataflow>
<dataflow id="320" from="tmp_6_0_1_i_cast" to="sum_i" fromId="78" toId="80">
</dataflow>
<dataflow id="321" from="sum_i" to="sum_i_cast" fromId="80" toId="81">
</dataflow>
<dataflow id="322" from="buff_C_1_1_load" to="tmp_6_1_1_i_cast2" fromId="62" toId="82">
</dataflow>
<dataflow id="324" from="_ssdm_op_BitConcatenate.i10.i8.i2" to="p_shl_i" fromId="323" toId="83">
</dataflow>
<dataflow id="325" from="buff_C_1_1_load" to="p_shl_i" fromId="62" toId="83">
</dataflow>
<dataflow id="327" from="stg_326" to="p_shl_i" fromId="326" toId="83">
</dataflow>
<dataflow id="328" from="p_shl_i" to="p_shl_i_cast" fromId="83" toId="84">
</dataflow>
<dataflow id="329" from="p_shl_i_cast" to="tmp_7_1_1_i" fromId="84" toId="85">
</dataflow>
<dataflow id="330" from="tmp_6_1_1_i_cast2" to="tmp_7_1_1_i" fromId="82" toId="85">
</dataflow>
<dataflow id="331" from="tmp_7_1_1_i" to="tmp_7_1_1_i_cast" fromId="85" toId="86">
</dataflow>
<dataflow id="332" from="tmp_7_1_1_i_cast" to="x_weight_2_1_1_i" fromId="86" toId="87">
</dataflow>
<dataflow id="333" from="sum_i_cast" to="x_weight_2_1_1_i" fromId="81" toId="87">
</dataflow>
<dataflow id="334" from="buff_C_0_2_1" to="stg_88" fromId="76" toId="88">
</dataflow>
<dataflow id="335" from="buff_C_0_1" to="stg_88" fromId="12" toId="88">
</dataflow>
<dataflow id="336" from="buff_C_2_2_1" to="stg_89" fromId="77" toId="89">
</dataflow>
<dataflow id="337" from="buff_C_2_1" to="stg_89" fromId="11" toId="89">
</dataflow>
<dataflow id="338" from="buff_C_1_2" to="tmp_6_1_2_i_cast" fromId="63" toId="90">
</dataflow>
<dataflow id="339" from="x_weight_2_1_1_i" to="x_weight_2_1_2_i" fromId="87" toId="91">
</dataflow>
<dataflow id="340" from="tmp_6_1_2_i_cast" to="x_weight_2_1_2_i" fromId="90" toId="91">
</dataflow>
<dataflow id="341" from="buff_C_2_1_load" to="tmp_6_2_1_i_cast" fromId="73" toId="92">
</dataflow>
<dataflow id="342" from="x_weight_2_1_2_i" to="x_weight_2_2_1_i" fromId="91" toId="93">
</dataflow>
<dataflow id="343" from="tmp_6_2_1_i_cast" to="x_weight_2_2_1_i" fromId="92" toId="93">
</dataflow>
<dataflow id="344" from="x_weight_2_2_1_i" to="tmp_i" fromId="93" toId="94">
</dataflow>
<dataflow id="346" from="stg_345" to="tmp_i" fromId="345" toId="94">
</dataflow>
<dataflow id="347" from="x_weight_2_2_1_i" to="tmp_8" fromId="93" toId="95">
</dataflow>
<dataflow id="348" from="stg_281" to="tmp_2_i" fromId="281" toId="96">
</dataflow>
<dataflow id="349" from="tmp_8" to="tmp_2_i" fromId="95" toId="96">
</dataflow>
<dataflow id="351" from="_ssdm_op_SpecLoopTripCount" to="empty_4" fromId="350" toId="97">
</dataflow>
<dataflow id="353" from="stg_352" to="empty_4" fromId="352" toId="97">
</dataflow>
<dataflow id="354" from="stg_352" to="empty_4" fromId="352" toId="97">
</dataflow>
<dataflow id="355" from="stg_352" to="empty_4" fromId="352" toId="97">
</dataflow>
<dataflow id="357" from="_ssdm_op_SpecRegionBegin" to="tmp_4" fromId="356" toId="98">
</dataflow>
<dataflow id="359" from="p_str2" to="tmp_4" fromId="358" toId="98">
</dataflow>
<dataflow id="361" from="_ssdm_op_SpecPipeline" to="stg_99" fromId="360" toId="99">
</dataflow>
<dataflow id="362" from="stg_151" to="stg_99" fromId="151" toId="99">
</dataflow>
<dataflow id="363" from="stg_151" to="stg_99" fromId="151" toId="99">
</dataflow>
<dataflow id="364" from="stg_151" to="stg_99" fromId="151" toId="99">
</dataflow>
<dataflow id="365" from="stg_162" to="stg_99" fromId="162" toId="99">
</dataflow>
<dataflow id="366" from="p_str" to="stg_99" fromId="177" toId="99">
</dataflow>
<dataflow id="367" from="tmp_i" to="edge_val" fromId="94" toId="100">
</dataflow>
<dataflow id="368" from="tmp_8" to="edge_val" fromId="95" toId="100">
</dataflow>
<dataflow id="369" from="tmp_2_i" to="edge_val" fromId="96" toId="100">
</dataflow>
<dataflow id="371" from="_ssdm_op_Write.ap_fifo.i8P" to="stg_101" fromId="370" toId="101">
</dataflow>
<dataflow id="372" from="output_r" to="stg_101" fromId="150" toId="101">
</dataflow>
<dataflow id="373" from="edge_val" to="stg_101" fromId="100" toId="101">
</dataflow>
<dataflow id="375" from="_ssdm_op_SpecRegionEnd" to="empty" fromId="374" toId="103">
</dataflow>
<dataflow id="376" from="p_str2" to="empty" fromId="358" toId="103">
</dataflow>
<dataflow id="377" from="tmp_4" to="empty" fromId="98" toId="103">
</dataflow>
<dataflow id="378" from="stg_162" to="stg_105" fromId="162" toId="105">
</dataflow>
<dataflow id="379" from="exitcond_flatten" to="stg_2" fromId="29" toId="2">
</dataflow>
<dataflow id="380" from="exitcond_flatten" to="stg_3" fromId="29" toId="3">
</dataflow>
<dataflow id="381" from="tmp_2" to="stg_3" fromId="38" toId="3">
</dataflow>
<dataflow id="382" from="exitcond_flatten" to="stg_4" fromId="29" toId="4">
</dataflow>
<dataflow id="383" from="tmp_2" to="stg_4" fromId="38" toId="4">
</dataflow>
<dataflow id="384" from="exitcond_flatten" to="stg_5" fromId="29" toId="5">
</dataflow>
<dataflow id="385" from="tmp_2" to="stg_5" fromId="38" toId="5">
</dataflow>
<dataflow id="386" from="tmp_7" to="stg_5" fromId="44" toId="5">
</dataflow>
<dataflow id="387" from="exitcond_flatten" to="stg_6" fromId="29" toId="6">
</dataflow>
<dataflow id="388" from="tmp_7" to="stg_6" fromId="44" toId="6">
</dataflow>
<dataflow id="389" from="tmp_2" to="stg_6" fromId="38" toId="6">
</dataflow>
<dataflow id="390" from="tmp_2" to="stg_7" fromId="38" toId="7">
</dataflow>
<dataflow id="391" from="exitcond_flatten" to="stg_9" fromId="29" toId="9">
</dataflow>
<dataflow id="392" from="or_cond" to="stg_9" fromId="47" toId="9">
</dataflow>
<dataflow id="393" from="exitcond_flatten" to="stg_7" fromId="29" toId="7">
</dataflow>
<dataflow id="394" from="exitcond_flatten" to="stg_8" fromId="29" toId="8">
</dataflow>
<dataflow id="395" from="tmp_2" to="stg_8" fromId="38" toId="8">
</dataflow>
<dataflow id="396" from="tmp_2" to="stg_9" fromId="38" toId="9">
</dataflow>
<dataflow id="397" from="tmp_7" to="stg_7" fromId="44" toId="7">
</dataflow>
<dataflow id="398" from="tmp_7" to="stg_8" fromId="44" toId="8">
</dataflow>
<dataflow id="399" from="tmp_7" to="stg_9" fromId="44" toId="9">
</dataflow>
<dataflow id="400" from="tmp_7" to="stg_3" fromId="44" toId="3">
</dataflow>
<dataflow id="401" from="tmp_7" to="stg_4" fromId="44" toId="4">
</dataflow>
</dataflows>


</stg>
