<profile>

<section name = "Vivado HLS Report for 'sharpen_filter'" level="0">
<item name = "Date">Fri Jan 01 08:43:08 2016
</item>
<item name = "Version">2015.4 (Build 1412921 on Wed Nov 18 09:58:55 AM 2015)</item>
<item name = "Project">sharpen_filter</item>
<item name = "Solution">solution</item>
<item name = "Product family">zynq</item>
<item name = "Target device">xc7z020clg484-1</item>
</section>

<section name = "Performance Estimates" level="0">
<item name = "Timing (ns)">
<section name = "" level="1">
<item name = "Target clock period (ns)">5.95</item>
<item name = "Clock uncertainty (ns)">0.74</item>
<item name = "Estimated clock period (ns)">5.05</item>
</section>
</item>
<item name = "Latency (clock cycles)">
<section name = "" level="1">
<item name = "Summary"><table name="" hasTotal="0">
<keys size="6">, min, max, min, max, Type</keys>
<column name="">2076609, 2076609, 2076610, 2076610, none</column>
</table>
</item>
<item name = "Detail">
<section name = "" level="1">
<item name = "Instance"><table name="" hasTotal="0">
<keys size="7">Instance, Module, min, max, min, max, Type</keys>
</table>
</item>
<item name = "Loop"><table name="" hasTotal="0">
<keys size="8">Loop Name, min, max, Latency, achieved, target, Count, Pipelined</keys>
<column name="- Loop 1">2076607, 2076607, 8, 1, 1, 2076601, yes</column>
</table>
</item>
</section>
</item>
</section>
</item>
</section>

<section name = "Utilization Estimates" level="0">
<item name = "Summary"><table name="" hasTotal="1">
<keys size="5">Name, BRAM_18K, DSP48E, FF, LUT</keys>
<column name="DSP">-, -, -, -</column>
<column name="Expression">-, -, 0, 190</column>
<column name="FIFO">-, -, -, -</column>
<column name="Instance">-, -, -, -</column>
<column name="Memory">3, -, 0, 0</column>
<column name="Multiplexer">-, -, -, 93</column>
<column name="Register">-, -, 297, 23</column>
<specialColumn name="Available">280, 220, 106400, 53200</specialColumn>
<specialColumn name="Utilization (%)">1, 0, ~0, ~0</specialColumn>
</table>
</item>
<item name = "Detail">
<section name = "" level="1">
<item name = "Instance"><table name="" hasTotal="1">
<keys size="6">Instance, Module, BRAM_18K, DSP48E, FF, LUT</keys>
</table>
</item>
<item name = "DSP48"><table name="" hasTotal="0">
<keys size="3">Instance, Module, Expression</keys>
</table>
</item>
<item name = "Memory"><table name="" hasTotal="1">
<keys size="9">Memory, Module, BRAM_18K, FF, LUT, Words, Bits, Banks, W*Bits*Banks</keys>
<column name="buff_A_0_U">sharpen_filter_buff_A_0, 1, 0, 0, 1920, 8, 1, 15360</column>
<column name="buff_A_1_U">sharpen_filter_buff_A_0, 1, 0, 0, 1920, 8, 1, 15360</column>
<column name="buff_A_2_U">sharpen_filter_buff_A_2, 1, 0, 0, 1920, 8, 1, 15360</column>
</table>
</item>
<item name = "FIFO"><table name="" hasTotal="1">
<keys size="7">Name, BRAM_18K, FF, LUT, Depth, Bits, Size:D*B</keys>
</table>
</item>
<item name = "Expression"><table name="" hasTotal="1">
<keys size="7">Variable Name, Operation, DSP48E, FF, LUT, Bitwidth P0, Bitwidth P1</keys>
<column name="col_fu_299_p2">+, 0, 0, 11, 11, 1</column>
<column name="indvar_flatten_next_fu_228_p2">+, 0, 0, 21, 21, 1</column>
<column name="row_s_fu_248_p2">+, 0, 0, 11, 11, 1</column>
<column name="sum_i_fu_365_p2">+, 0, 0, 9, 9, 9</column>
<column name="tmp_7_1_1_i_fu_389_p2">+, 0, 0, 11, 11, 11</column>
<column name="tmp_2_i_fu_442_p2">-, 0, 0, 8, 1, 8</column>
<column name="x_weight_2_1_1_i_fu_399_p2">-, 0, 0, 12, 12, 12</column>
<column name="x_weight_2_1_2_i_fu_418_p2">-, 0, 0, 4, 12, 12</column>
<column name="x_weight_2_2_1_i_fu_426_p2">-, 0, 0, 4, 12, 12</column>
<column name="buff_C_0_2_1_fu_344_p3">Select, 0, 0, 8, 1, 8</column>
<column name="buff_C_1_2_fu_318_p3">Select, 0, 0, 8, 1, 8</column>
<column name="buff_C_2_2_1_fu_351_p3">Select, 0, 0, 8, 1, 8</column>
<column name="col_assign_mid2_fu_240_p3">Select, 0, 0, 11, 1, 1</column>
<column name="output_r_din">Select, 0, 0, 8, 1, 8</column>
<column name="row_mid2_fu_254_p3">Select, 0, 0, 11, 1, 11</column>
<column name="ap_sig_bdd_156">and, 0, 0, 1, 1, 1</column>
<column name="ap_sig_bdd_160">and, 0, 0, 1, 1, 1</column>
<column name="ap_sig_bdd_164">and, 0, 0, 1, 1, 1</column>
<column name="ap_sig_bdd_251">and, 0, 0, 1, 1, 1</column>
<column name="ap_sig_bdd_255">and, 0, 0, 1, 1, 1</column>
<column name="ap_sig_bdd_260">and, 0, 0, 1, 1, 1</column>
<column name="ap_sig_bdd_267">and, 0, 0, 1, 1, 1</column>
<column name="ap_sig_bdd_72">and, 0, 0, 1, 1, 1</column>
<column name="ap_sig_bdd_88">and, 0, 0, 1, 1, 1</column>
<column name="or_cond_fu_293_p2">and, 0, 0, 1, 1, 1</column>
<column name="tmp_7_fu_282_p2">and, 0, 0, 1, 1, 1</column>
<column name="exitcond4_fu_234_p2">icmp, 0, 0, 4, 11, 8</column>
<column name="exitcond_flatten_fu_222_p2">icmp, 0, 0, 8, 21, 16</column>
<column name="tmp_1_fu_267_p2">icmp, 0, 0, 4, 11, 1</column>
<column name="tmp_2_fu_272_p2">icmp, 0, 0, 4, 11, 9</column>
<column name="tmp_5_fu_288_p2">icmp, 0, 0, 4, 11, 1</column>
<column name="tmp_fu_262_p2">icmp, 0, 0, 4, 11, 11</column>
<column name="tmp_i_fu_432_p2">icmp, 0, 0, 5, 12, 1</column>
</table>
</item>
<item name = "Multiplexer"><table name="" hasTotal="1">
<keys size="5">Name, LUT, Input Size, Bits, Total Bits</keys>
<column name="ap_NS_fsm">1, 4, 1, 4</column>
<column name="ap_reg_phiprechg_buff_C_1_2_1_reg_200pp0_it3">8, 3, 8, 24</column>
<column name="ap_reg_phiprechg_buff_C_2_2_reg_211pp0_it2">8, 2, 8, 16</column>
<column name="ap_reg_phiprechg_buff_C_2_2_reg_211pp0_it5">8, 2, 8, 16</column>
<column name="ap_reg_ppiten_pp0_it1">1, 2, 1, 2</column>
<column name="ap_reg_ppiten_pp0_it4">1, 2, 1, 2</column>
<column name="ap_reg_ppiten_pp0_it7">1, 2, 1, 2</column>
<column name="col_assign_phi_fu_193_p4">11, 2, 11, 22</column>
<column name="col_assign_reg_189">11, 2, 11, 22</column>
<column name="indvar_flatten_reg_167">21, 2, 21, 42</column>
<column name="row_phi_fu_182_p4">11, 2, 11, 22</column>
<column name="row_reg_178">11, 2, 11, 22</column>
</table>
</item>
<item name = "Register"><table name="" hasTotal="1">
<keys size="5">Name, FF, LUT, Bits, Const Bits</keys>
<column name="ap_CS_fsm">3, 0, 3, 0</column>
<column name="ap_reg_phiprechg_buff_C_1_2_1_reg_200pp0_it3">8, 0, 8, 0</column>
<column name="ap_reg_phiprechg_buff_C_2_2_reg_211pp0_it2">8, 0, 8, 0</column>
<column name="ap_reg_phiprechg_buff_C_2_2_reg_211pp0_it3">8, 0, 8, 0</column>
<column name="ap_reg_phiprechg_buff_C_2_2_reg_211pp0_it4">8, 0, 8, 0</column>
<column name="ap_reg_phiprechg_buff_C_2_2_reg_211pp0_it5">8, 0, 8, 0</column>
<column name="ap_reg_ppiten_pp0_it0">1, 0, 1, 0</column>
<column name="ap_reg_ppiten_pp0_it1">1, 0, 1, 0</column>
<column name="ap_reg_ppiten_pp0_it2">1, 0, 1, 0</column>
<column name="ap_reg_ppiten_pp0_it3">1, 0, 1, 0</column>
<column name="ap_reg_ppiten_pp0_it4">1, 0, 1, 0</column>
<column name="ap_reg_ppiten_pp0_it5">1, 0, 1, 0</column>
<column name="ap_reg_ppiten_pp0_it6">1, 0, 1, 0</column>
<column name="ap_reg_ppiten_pp0_it7">1, 0, 1, 0</column>
<column name="ap_reg_ppstg_buff_A_1_addr_reg_517_pp0_it2">11, 0, 11, 0</column>
<column name="ap_reg_ppstg_buff_C_1_0_load_reg_552_pp0_it4">8, 0, 8, 0</column>
<column name="ap_reg_ppstg_buff_C_1_1_load_reg_563_pp0_it4">8, 0, 8, 0</column>
<column name="ap_reg_ppstg_tmp_3_reg_512_pp0_it2">11, 0, 64, 53</column>
<column name="buff_A_1_addr_reg_517">11, 0, 11, 0</column>
<column name="buff_A_1_load_reg_541">8, 0, 8, 0</column>
<column name="buff_C_0_1_fu_74">8, 0, 8, 0</column>
<column name="buff_C_1_0_fu_78">8, 0, 8, 0</column>
<column name="buff_C_1_0_load_reg_552">8, 0, 8, 0</column>
<column name="buff_C_1_1_fu_82">8, 0, 8, 0</column>
<column name="buff_C_1_1_load_reg_563">8, 0, 8, 0</column>
<column name="buff_C_1_2_reg_569">8, 0, 8, 0</column>
<column name="buff_C_2_1_fu_70">8, 0, 8, 0</column>
<column name="buff_C_2_1_load_reg_579">8, 0, 8, 0</column>
<column name="col_assign_mid2_reg_488">11, 0, 11, 0</column>
<column name="col_assign_reg_189">11, 0, 11, 0</column>
<column name="exitcond_flatten_reg_479">1, 0, 1, 0</column>
<column name="indvar_flatten_reg_167">21, 0, 21, 0</column>
<column name="or_cond_reg_532">1, 0, 1, 0</column>
<column name="return_value_reg_546">8, 0, 8, 0</column>
<column name="row_mid2_reg_498">11, 0, 11, 0</column>
<column name="row_reg_178">11, 0, 11, 0</column>
<column name="tmp_2_i_reg_599">8, 0, 8, 0</column>
<column name="tmp_2_reg_505">1, 0, 1, 0</column>
<column name="tmp_3_reg_512">11, 0, 64, 53</column>
<column name="tmp_7_reg_528">1, 0, 1, 0</column>
<column name="tmp_8_reg_594">8, 0, 8, 0</column>
<column name="tmp_i_reg_589">1, 0, 1, 0</column>
<column name="x_weight_2_1_1_i_reg_584">12, 0, 12, 0</column>
<column name="y_reg_557">8, 0, 8, 0</column>
<column name="buff_C_1_2_reg_569">0, 8, 8, 0</column>
<column name="col_assign_mid2_reg_488">0, 11, 11, 0</column>
<column name="exitcond_flatten_reg_479">0, 1, 1, 0</column>
<column name="or_cond_reg_532">0, 1, 1, 0</column>
<column name="tmp_2_reg_505">0, 1, 1, 0</column>
<column name="tmp_7_reg_528">0, 1, 1, 0</column>
</table>
</item>
</section>
</item>
</section>

<section name = "Interface" level="0">
<item name = "Summary"><table name="" hasTotal="0">
<keys size="6">RTL Ports, Dir, Bits, Protocol, Source Object, C Type</keys>
<column name="ap_clk">in, 1, ap_ctrl_hs, sharpen_filter, return value</column>
<column name="ap_rst_n">in, 1, ap_ctrl_hs, sharpen_filter, return value</column>
<column name="ap_start">in, 1, ap_ctrl_hs, sharpen_filter, return value</column>
<column name="ap_done">out, 1, ap_ctrl_hs, sharpen_filter, return value</column>
<column name="ap_idle">out, 1, ap_ctrl_hs, sharpen_filter, return value</column>
<column name="ap_ready">out, 1, ap_ctrl_hs, sharpen_filter, return value</column>
<column name="ap_return">out, 32, ap_ctrl_hs, sharpen_filter, return value</column>
<column name="input_r_dout">in, 8, ap_fifo, input_r, pointer</column>
<column name="input_r_empty_n">in, 1, ap_fifo, input_r, pointer</column>
<column name="input_r_read">out, 1, ap_fifo, input_r, pointer</column>
<column name="output_r_din">out, 8, ap_fifo, output_r, pointer</column>
<column name="output_r_full_n">in, 1, ap_fifo, output_r, pointer</column>
<column name="output_r_write">out, 1, ap_fifo, output_r, pointer</column>
</table>
</item>
</section>

<section name = "Critical Path" level="0">
<item name = "Max Delay">5.05</item>
<item name = "Critical Path Table"><table name="Critical Path Table" hasTotal="0">
<keys size="15">Name, Operator, Delay, Accumulated Delay, Store Source, Resource, Core, Interface, Type, Port, Array, Scope, Pointer, Callee, Phi Node</keys>
<column name="'tmp', C:/xup/SDSoC/labs/lab5a/src/sharpen.c:93">icmp, 2.11, 2.11, -, -, -, -, -, -, -, -, -, -, -</column>
<column name="'tmp_7', C:/xup/SDSoC/labs/lab5a/src/sharpen.c:93">and, 1.37, 3.48, -, -, -, -, -, -, -, -, -, -, -</column>
<column name="'y'">phi, 1.57, 5.05, -, -, -, -, -, -, -, -, -, -, &apos;y&apos;, C:/xup/SDSoC/labs/lab5a/src/sharpen.c:96</column>
</table>
</item>
</section>
</profile>
