<?xml version="1.0" encoding="UTF-8"?>
<xd:repository xmlns:xd="http://www.xilinx.com/xd" xd:vendor="xilinx.com" xd:library="ip" xd:name="Trace_Monitor_ScatterGather_Counter" xd:version="1.0">
    <xd:component xd:vendor="xilinx.com" xd:library="ip" xd:name="Trace_Monitor_ScatterGather_Counter" xd:version="1.0">
        <xd:busInterface xd:name="DMA_AXI_S_LITE" xd:busTypeRef="aximm" xd:mode="slave" xd:clockRef="clk" xd:resetRef="resetn"/>
        <xd:busInterface xd:name="clk" xd:busTypeRef="clock" xd:mode="slave" xd:direction="in" xd:library="signal" xd:port="clk"/>
        <xd:busInterface xd:name="resetn" xd:busTypeRef="reset" xd:mode="slave" xd:direction="in" xd:library="signal" xd:port="resetn"/>
        <xd:busInterface xd:name="DMA_M_AXI_MM2S" xd:busTypeRef="aximm" xd:mode="slave" xd:clockRef="clk" xd:resetRef="resetn"/>
        <xd:busInterface xd:name="DMA_M_AXI_S2MM" xd:busTypeRef="aximm" xd:mode="slave" xd:clockRef="clk" xd:resetRef="resetn"/>
        <xd:busInterface xd:name="DMA_M_AXI_SG" xd:busTypeRef="aximm" xd:mode="slave" xd:clockRef="clk" xd:resetRef="resetn"/>
        <xd:busInterface xd:name="S_AXI" xd:busTypeRef="aximm" xd:mode="slave" xd:dataWidth="32" xd:clockRef="clk" xd:resetRef="resetn"/>
        <xd:busInterface xd:name="TRACE_OUT" xd:busTypeRef="sdsoc_trace" xd:mode="master"/>
    </xd:component>
</xd:repository>
