<?xml version="1.0" encoding="UTF-8"?>
<xd:addressMap xmlns:xd="http://www.xilinx.com/xd">
  <xd:addressRange xd:componentRef="dm_0" xd:addressSpace="Data_MM2S" xd:segment="SEG_ps7_HP0_DDR_LOWOCM" xd:slaveRef="ps7" xd:slaveInterface="S_AXI_HP0" xd:slaveSegment="HP0_DDR_LOWOCM" xd:baseAddr="0x00000000" xd:range="0x20000000"/>
  <xd:addressRange xd:componentRef="dm_1" xd:addressSpace="Data_MM2S" xd:segment="SEG_ps7_HP1_DDR_LOWOCM" xd:slaveRef="ps7" xd:slaveInterface="S_AXI_HP1" xd:slaveSegment="HP1_DDR_LOWOCM" xd:baseAddr="0x00000000" xd:range="0x20000000"/>
  <xd:addressRange xd:componentRef="dm_2" xd:addressSpace="Data_S2MM" xd:segment="SEG_ps7_HP0_DDR_LOWOCM" xd:slaveRef="ps7" xd:slaveInterface="S_AXI_HP0" xd:slaveSegment="HP0_DDR_LOWOCM" xd:baseAddr="0x00000000" xd:range="0x20000000"/>
  <xd:addressRange xd:componentRef="dm_3" xd:addressSpace="Data_S2MM" xd:segment="SEG_ps7_HP1_DDR_LOWOCM" xd:slaveRef="ps7" xd:slaveInterface="S_AXI_HP1" xd:slaveSegment="HP1_DDR_LOWOCM" xd:baseAddr="0x00000000" xd:range="0x20000000"/>
  <xd:addressRange xd:componentRef="ps7" xd:addressSpace="Data" xd:segment="SEG_dm_0_Reg" xd:slaveRef="dm_0" xd:slaveInterface="S_AXI_LITE" xd:slaveSegment="Reg" xd:baseAddr="0x40400000" xd:range="0x10000"/>
  <xd:addressRange xd:componentRef="ps7" xd:addressSpace="Data" xd:segment="SEG_dm_1_Reg" xd:slaveRef="dm_1" xd:slaveInterface="S_AXI_LITE" xd:slaveSegment="Reg" xd:baseAddr="0x40410000" xd:range="0x10000"/>
  <xd:addressRange xd:componentRef="ps7" xd:addressSpace="Data" xd:segment="SEG_dm_2_Reg" xd:slaveRef="dm_2" xd:slaveInterface="S_AXI_LITE" xd:slaveSegment="Reg" xd:baseAddr="0x40420000" xd:range="0x10000"/>
  <xd:addressRange xd:componentRef="ps7" xd:addressSpace="Data" xd:segment="SEG_dm_3_Reg" xd:slaveRef="dm_3" xd:slaveInterface="S_AXI_LITE" xd:slaveSegment="Reg" xd:baseAddr="0x40430000" xd:range="0x10000"/>
  <xd:addressRange xd:componentRef="ps7" xd:addressSpace="Data" xd:segment="SEG_sharpen_filter_0_if_Reg" xd:slaveRef="sharpen_filter_0_if" xd:slaveInterface="S_AXI" xd:slaveSegment="Reg" xd:baseAddr="0x43C00000" xd:range="0x10000"/>
  <xd:addressRange xd:componentRef="ps7" xd:addressSpace="Data" xd:segment="SEG_sobel_filter_0_if_Reg" xd:slaveRef="sobel_filter_0_if" xd:slaveInterface="S_AXI" xd:slaveSegment="Reg" xd:baseAddr="0x43C10000" xd:range="0x10000"/>
</xd:addressMap>
