<?xml version="1.0"?>
<xd:component xd:vendor="xilinx.com" xd:library="xd" xd:name="top" xd:version="1.00" xd:type="design" xmlns:xd="http://www.xilinx.com/xd">
  <xd:repository>
    <xd:file xd:name="xd_ip_db.xml"/>
  </xd:repository>
  <xd:instance xd:name="dm_0" xd:componentRef="axi_dma">
    <xd:parameter xd:name="C_DLYTMR_RESOLUTION" xd:value="1250"/>
    <xd:parameter xd:name="C_SG_LENGTH_WIDTH" xd:value="23"/>
    <xd:parameter xd:name="C_INCLUDE_SG" xd:value="0"/>
    <xd:parameter xd:name="C_INCLUDE_MM2S" xd:value="1"/>
    <xd:parameter xd:name="C_INCLUDE_S2MM" xd:value="0"/>
    <xd:parameter xd:name="C_INCLUDE_MM2S_SF" xd:value="1"/>
    <xd:parameter xd:name="C_INCLUDE_MM2S_DRE" xd:value="1"/>
    <xd:parameter xd:name="C_MM2S_BURST_SIZE" xd:value="64"/>
    <xd:parameter xd:name="C_M_AXI_MM2S_DATA_WIDTH" xd:value="64"/>
    <xd:parameter xd:name="C_M_AXIS_MM2S_TDATA_WIDTH" xd:value="64"/>
  </xd:instance>
  <xd:instance xd:name="dm_1" xd:componentRef="axi_dma">
    <xd:parameter xd:name="C_DLYTMR_RESOLUTION" xd:value="1250"/>
    <xd:parameter xd:name="C_SG_LENGTH_WIDTH" xd:value="23"/>
    <xd:parameter xd:name="C_INCLUDE_SG" xd:value="0"/>
    <xd:parameter xd:name="C_INCLUDE_MM2S" xd:value="0"/>
    <xd:parameter xd:name="C_INCLUDE_S2MM" xd:value="1"/>
    <xd:parameter xd:name="C_INCLUDE_S2MM_SF" xd:value="1"/>
    <xd:parameter xd:name="C_INCLUDE_S2MM_DRE" xd:value="1"/>
    <xd:parameter xd:name="C_S2MM_BURST_SIZE" xd:value="64"/>
    <xd:parameter xd:name="C_M_AXI_S2MM_DATA_WIDTH" xd:value="64"/>
    <xd:parameter xd:name="C_S_AXIS_S2MM_TDATA_WIDTH" xd:value="64"/>
  </xd:instance>
  <xd:instance xd:name="zed" xd:componentRef="zed"/>
  <xd:instance xd:name="sharpen_filter_0" xd:componentRef="sharpen_filter"/>
  <xd:instance xd:name="sharpen_filter_0_if" xd:componentRef="axis_accelerator_adapter">
    <xd:parameter xd:name="C_OUTPUT_SCALAR_0_WIDTH" xd:value="32"/>
    <xd:parameter xd:name="C_AP_IARG_0_WIDTH" xd:value="8"/>
    <xd:parameter xd:name="C_AP_IARG_0_TYPE" xd:value="1"/>
    <xd:parameter xd:name="C_AP_IARG_0_DWIDTH" xd:value="8"/>
    <xd:parameter xd:name="C_AP_IARG_0_DIM_1" xd:value="1024"/>
    <xd:parameter xd:name="C_AP_OARG_0_WIDTH" xd:value="8"/>
    <xd:parameter xd:name="C_AP_OARG_0_TYPE" xd:value="1"/>
    <xd:parameter xd:name="C_AP_OARG_0_DWIDTH" xd:value="8"/>
    <xd:parameter xd:name="C_AP_OARG_0_DIM_1" xd:value="1024"/>
    <xd:parameter xd:name="C_N_OUTPUT_ARGS" xd:value="1"/>
    <xd:parameter xd:name="C_N_INPUT_ARGS" xd:value="1"/>
    <xd:parameter xd:name="C_N_OUTPUT_SCALARS" xd:value="1"/>
    <xd:parameter xd:name="C_M_AXIS_HAS_TKEEP" xd:value="1"/>
    <xd:parameter xd:name="C_M_AXIS_HAS_TSTRB" xd:value="1"/>
    <xd:parameter xd:name="C_M_AXIS_TDATA_WIDTH" xd:value="64"/>
    <xd:parameter xd:name="C_S_AXIS_TDATA_WIDTH" xd:value="64"/>
  </xd:instance>
  <xd:instance xd:name="axi_ic_ps7_M_AXI_GP0" xd:componentRef="axi_interconnect">
    <xd:parameter xd:name="NUM_MI" xd:value="3"/>
    <xd:parameter xd:name="NUM_SI" xd:value="1"/>
    <xd:parameter xd:name="STRATEGY" xd:value="2"/>
    <xd:parameter xd:name="M00_HAS_REGSLICE" xd:value="1"/>
    <xd:parameter xd:name="M01_HAS_REGSLICE" xd:value="1"/>
    <xd:parameter xd:name="M02_HAS_REGSLICE" xd:value="1"/>
    <xd:parameter xd:name="S00_HAS_REGSLICE" xd:value="1"/>
  </xd:instance>
  <xd:instance xd:name="axi_ic_ps7_S_AXI_HP0" xd:componentRef="axi_interconnect">
    <xd:parameter xd:name="NUM_MI" xd:value="1"/>
    <xd:parameter xd:name="NUM_SI" xd:value="2"/>
    <xd:parameter xd:name="STRATEGY" xd:value="2"/>
    <xd:parameter xd:name="M00_HAS_REGSLICE" xd:value="1"/>
    <xd:parameter xd:name="M00_HAS_DATA_FIFO" xd:value="2"/>
    <xd:parameter xd:name="S00_HAS_REGSLICE" xd:value="1"/>
    <xd:parameter xd:name="S00_HAS_DATA_FIFO" xd:value="2"/>
    <xd:parameter xd:name="S01_HAS_REGSLICE" xd:value="1"/>
    <xd:parameter xd:name="S01_HAS_DATA_FIFO" xd:value="2"/>
  </xd:instance>
  <xd:connection>
    <xd:port xd:name="aresetn" xd:instanceRef="sharpen_filter_0_if"/>
    <xd:port xd:name="ap_rst_n" xd:instanceRef="sharpen_filter_0"/>
  </xd:connection>
  <xd:connection>
    <xd:busInterface xd:name="ap_ctrl" xd:instanceRef="sharpen_filter_0_if"/>
    <xd:busInterface xd:name="ap_ctrl" xd:instanceRef="sharpen_filter_0"/>
  </xd:connection>
  <xd:connection>
    <xd:port xd:name="ap_return" xd:instanceRef="sharpen_filter_0"/>
    <xd:port xd:name="ap_oscalar_0_din" xd:instanceRef="sharpen_filter_0_if"/>
  </xd:connection>
  <xd:connection>
    <xd:busInterface xd:name="input_r" xd:instanceRef="sharpen_filter_0"/>
    <xd:busInterface xd:name="AP_FIFO_IARG_0" xd:instanceRef="sharpen_filter_0_if"/>
  </xd:connection>
  <xd:connection>
    <xd:busInterface xd:name="output_r" xd:instanceRef="sharpen_filter_0"/>
    <xd:busInterface xd:name="AP_FIFO_OARG_0" xd:instanceRef="sharpen_filter_0_if"/>
  </xd:connection>
  <xd:connection>
    <xd:busInterface xd:name="ps7_M_AXI_GP0" xd:instanceRef="zed"/>
    <xd:busInterface xd:name="S00_AXI" xd:instanceRef="axi_ic_ps7_M_AXI_GP0"/>
  </xd:connection>
  <xd:connection>
    <xd:busInterface xd:name="M00_AXI" xd:instanceRef="axi_ic_ps7_S_AXI_HP0"/>
    <xd:busInterface xd:name="ps7_S_AXI_HP0" xd:instanceRef="zed"/>
  </xd:connection>
  <xd:connection>
    <xd:busInterface xd:name="M00_AXI" xd:instanceRef="axi_ic_ps7_M_AXI_GP0"/>
    <xd:busInterface xd:name="S_AXI" xd:instanceRef="sharpen_filter_0_if"/>
  </xd:connection>
  <xd:connection>
    <xd:busInterface xd:name="M01_AXI" xd:instanceRef="axi_ic_ps7_M_AXI_GP0"/>
    <xd:busInterface xd:name="S_AXI_LITE" xd:instanceRef="dm_0"/>
  </xd:connection>
  <xd:connection>
    <xd:busInterface xd:name="M_AXI_MM2S" xd:instanceRef="dm_0"/>
    <xd:busInterface xd:name="S00_AXI" xd:instanceRef="axi_ic_ps7_S_AXI_HP0"/>
  </xd:connection>
  <xd:connection>
    <xd:busInterface xd:name="M_AXIS_MM2S" xd:instanceRef="dm_0"/>
    <xd:busInterface xd:name="S_AXIS_0" xd:instanceRef="sharpen_filter_0_if"/>
  </xd:connection>
  <xd:connection>
    <xd:busInterface xd:name="M02_AXI" xd:instanceRef="axi_ic_ps7_M_AXI_GP0"/>
    <xd:busInterface xd:name="S_AXI_LITE" xd:instanceRef="dm_1"/>
  </xd:connection>
  <xd:connection>
    <xd:busInterface xd:name="M_AXI_S2MM" xd:instanceRef="dm_1"/>
    <xd:busInterface xd:name="S01_AXI" xd:instanceRef="axi_ic_ps7_S_AXI_HP0"/>
  </xd:connection>
  <xd:connection>
    <xd:busInterface xd:name="M_AXIS_0" xd:instanceRef="sharpen_filter_0_if"/>
    <xd:busInterface xd:name="S_AXIS_S2MM" xd:instanceRef="dm_1"/>
  </xd:connection>
  <xd:connection>
    <xd:port xd:name="ps7_FCLK_CLK1" xd:instanceRef="zed"/>
    <xd:port xd:name="s_axi_lite_aclk" xd:instanceRef="dm_0"/>
    <xd:port xd:name="m_axi_mm2s_aclk" xd:instanceRef="dm_0"/>
    <xd:port xd:name="s_axi_lite_aclk" xd:instanceRef="dm_1"/>
    <xd:port xd:name="m_axi_s2mm_aclk" xd:instanceRef="dm_1"/>
    <xd:port xd:name="ps7_M_AXI_GP0_ACLK" xd:instanceRef="zed"/>
    <xd:port xd:name="ps7_S_AXI_HP0_ACLK" xd:instanceRef="zed"/>
    <xd:port xd:name="ap_clk" xd:instanceRef="sharpen_filter_0"/>
    <xd:port xd:name="s_axi_aclk" xd:instanceRef="sharpen_filter_0_if"/>
    <xd:port xd:name="aclk" xd:instanceRef="sharpen_filter_0_if"/>
    <xd:port xd:name="m_axis_aclk" xd:instanceRef="sharpen_filter_0_if"/>
    <xd:port xd:name="s_axis_aclk" xd:instanceRef="sharpen_filter_0_if"/>
    <xd:port xd:name="ACLK" xd:instanceRef="axi_ic_ps7_M_AXI_GP0"/>
    <xd:port xd:name="S00_ACLK" xd:instanceRef="axi_ic_ps7_M_AXI_GP0"/>
    <xd:port xd:name="M00_ACLK" xd:instanceRef="axi_ic_ps7_M_AXI_GP0"/>
    <xd:port xd:name="M01_ACLK" xd:instanceRef="axi_ic_ps7_M_AXI_GP0"/>
    <xd:port xd:name="M02_ACLK" xd:instanceRef="axi_ic_ps7_M_AXI_GP0"/>
    <xd:port xd:name="ACLK" xd:instanceRef="axi_ic_ps7_S_AXI_HP0"/>
    <xd:port xd:name="M00_ACLK" xd:instanceRef="axi_ic_ps7_S_AXI_HP0"/>
    <xd:port xd:name="S00_ACLK" xd:instanceRef="axi_ic_ps7_S_AXI_HP0"/>
    <xd:port xd:name="S01_ACLK" xd:instanceRef="axi_ic_ps7_S_AXI_HP0"/>
  </xd:connection>
  <xd:connection>
    <xd:port xd:name="proc_sys_reset_1_interconnect_aresetn" xd:instanceRef="zed"/>
    <xd:port xd:name="ARESETN" xd:instanceRef="axi_ic_ps7_M_AXI_GP0"/>
    <xd:port xd:name="S00_ARESETN" xd:instanceRef="axi_ic_ps7_M_AXI_GP0"/>
    <xd:port xd:name="M00_ARESETN" xd:instanceRef="axi_ic_ps7_M_AXI_GP0"/>
    <xd:port xd:name="M01_ARESETN" xd:instanceRef="axi_ic_ps7_M_AXI_GP0"/>
    <xd:port xd:name="M02_ARESETN" xd:instanceRef="axi_ic_ps7_M_AXI_GP0"/>
    <xd:port xd:name="ARESETN" xd:instanceRef="axi_ic_ps7_S_AXI_HP0"/>
    <xd:port xd:name="M00_ARESETN" xd:instanceRef="axi_ic_ps7_S_AXI_HP0"/>
    <xd:port xd:name="S00_ARESETN" xd:instanceRef="axi_ic_ps7_S_AXI_HP0"/>
    <xd:port xd:name="S01_ARESETN" xd:instanceRef="axi_ic_ps7_S_AXI_HP0"/>
  </xd:connection>
  <xd:connection>
    <xd:port xd:name="proc_sys_reset_1_peripheral_aresetn" xd:instanceRef="zed"/>
    <xd:port xd:name="axi_resetn" xd:instanceRef="dm_0"/>
    <xd:port xd:name="axi_resetn" xd:instanceRef="dm_1"/>
    <xd:port xd:name="s_axi_aresetn" xd:instanceRef="sharpen_filter_0_if"/>
    <xd:port xd:name="m_axis_aresetn" xd:instanceRef="sharpen_filter_0_if"/>
    <xd:port xd:name="s_axis_aresetn" xd:instanceRef="sharpen_filter_0_if"/>
  </xd:connection>
  <xd:connection>
    <xd:port xd:name="mm2s_introut" xd:instanceRef="dm_0"/>
    <xd:port xd:name="xlconcat_In0" xd:instanceRef="zed"/>
  </xd:connection>
  <xd:connection>
    <xd:port xd:name="s2mm_introut" xd:instanceRef="dm_1"/>
    <xd:port xd:name="xlconcat_In1" xd:instanceRef="zed"/>
  </xd:connection>
</xd:component>
