<?xml version="1.0" encoding="UTF-8"?>
<xd:repository xmlns:xd="http://www.xilinx.com/xd">
  <xd:fcnMap xd:fcnName="sobel_filter" xd:type="hls_adapter" xd:adapterCompRef="sobel_filter_if" xd:clockId="1" xd:componentRef="sobel_filter" xd:initiationInterval="2076614" xd:clockPeriod="5.950001" xd:sequential="true" xd:hostMachine="64" xd:reset="control">
    <xd:returnValue xd:busInterfaceRef="ap_return" xd:portInterfaceType="register" xd:dataWidth="32" xd:hwName="ap_return" xd:index="0" xd:offset="0xC0" xd:bufferDepth="16"/>
    <xd:ctrlReg xd:name="control" xd:busInterfaceRef="ap_ctrl" xd:portInterfaceType="acc_handshake" xd:type="axis_acc_adapter" xd:offset="0x28" xd:bufferDepth="16" xd:dataWidth="4"/>
    <xd:arg xd:name="input" xd:swRootName="input" xd:direction="in" xd:busInterfaceRef="input_r" xd:hwName="input_r" xd:portInterfaceType="fifo" xd:arraySize="2073600" xd:dataWidth="8" xd:mode="master" xd:index="0" xd:instanceRef="sobel_filter_if" xd:bufferDepth="1024"/>
    <xd:arg xd:name="output" xd:swRootName="output" xd:direction="out" xd:busInterfaceRef="output_r" xd:hwName="output_r" xd:portInterfaceType="fifo" xd:arraySize="2073600" xd:dataWidth="8" xd:mode="master" xd:index="0" xd:instanceRef="sobel_filter_if" xd:bufferDepth="1024"/>
    <xd:latencyEstimates xd:best-case="2076613" xd:worst-case="2076613" xd:average-case="2076613"/>
    <xd:resourceEstimates xd:LUT="395" xd:FF="419" xd:BRAM="3" xd:DSP="0"/>
  </xd:fcnMap>
</xd:repository>
