<?xml version="1.0" encoding="UTF-8"?>
<xd:repository xmlns:xd="http://www.xilinx.com/xd" xd:vendor="xilinx.com" xd:library="hls" xd:name="sobel_filter" xd:version="1.0">
    <xd:component xd:vendor="xilinx.com" xd:library="hls" xd:name="sobel_filter" xd:version="1.0" xd:type="accelerator">
        <xd:busInterface xd:name="ap_clk" xd:busTypeRef="clock" xd:mode="slave" xd:direction="in" xd:library="signal" xd:port="ap_clk"/>
        <xd:busInterface xd:name="ap_rst_n" xd:busTypeRef="reset" xd:mode="slave" xd:direction="in" xd:library="signal" xd:port="ap_rst_n"/>
        <xd:busInterface xd:name="ap_ctrl" xd:busTypeRef="acc_handshake" xd:mode="slave"/>
        <xd:busInterface xd:name="ap_return" xd:busTypeRef="data" xd:mode="master"/>
        <xd:busInterface xd:name="input_r" xd:busTypeRef="acc_fifo_read" xd:mode="master"/>
        <xd:busInterface xd:name="output_r" xd:busTypeRef="acc_fifo_write" xd:mode="master"/>
    </xd:component>
</xd:repository>
