<?xml version="1.0" encoding="UTF-8"?>
<xd:component xmlns:xd="http://www.xilinx.com/xd" xd:type="design">
  <xd:repository xd:vendor="xilinx.com" xd:library="xd" xd:name="design_lib" xd:version="1.0">
    <xd:file xd:name="axis_accelerator_adapter_v2_1.xml"/>
    <xd:file xd:name="axis_data_fifo_v1_1.xml"/>
    <xd:file xd:name="axis_dwidth_converter_v1_1.xml"/>
    <xd:file xd:name="axis_interconnect_v2_1.xml"/>
    <xd:file xd:name="axi_dma_v7_1.xml"/>
    <xd:file xd:name="axi_fifo_mm_s_v4_1.xml"/>
    <xd:file xd:name="axi_fifo_register_v1_0.xml"/>
    <xd:file xd:name="axi_interconnect_v2_1.xml"/>
    <xd:file xd:name="axi_perf_mon_v5_0.xml"/>
    <xd:file xd:name="axi_protocol_converter_v2_1.xml"/>
    <xd:file xd:name="axi_stream_router_v1_0.xml"/>
    <xd:file xd:name="ila_v4_0.xml"/>
    <xd:file xd:name="mdm_v3_2.xml"/>
    <xd:file xd:name="ovld_reg_v1_0.xml"/>
    <xd:file xd:name="processing_system7_v5_5.xml"/>
    <xd:file xd:name="stream_gate_v1_0.xml"/>
    <xd:file xd:name="trace_monitor_accelerator_v1_0.xml"/>
    <xd:file xd:name="trace_monitor_axi_stream_v1_0.xml"/>
    <xd:file xd:name="trace_monitor_dma_scattergather_counter_v1_0.xml"/>
    <xd:file xd:name="trace_monitor_dma_simple_counter_v1_0.xml"/>
    <xd:file xd:name="trace_monitor_v1_0.xml"/>
    <xd:file xd:name="xlconcat_v2_1.xml"/>
    <xd:file xd:name="xlconstant_v1_1.xml"/>
    <xd:file xd:name="xlslice_v1_0.xml"/>
    <xd:file xd:name="zed_hw.pfm"/>
    <xd:file xd:name="sharpen_filter.xml"/>
    <xd:file xd:name="sharpen_filter_if.xml"/>
    <xd:file xd:name="sharpen_filter.fcnmap.xml"/>
  </xd:repository>
</xd:component>
